<?xml version="1.0" encoding="UTF-8"?>
<!--
 This is a WordPress eXtended RSS file generated by WordPress as an export of your site.
 It contains information about your site's posts, pages, comments, categories, and other content.
 You may use this file to transfer that content from one site to another.
 This file is not intended to serve as a complete backup of your site.

 To import this information into a WordPress site follow these steps:
 1. Log in to that site as an administrator.
 2. Go to Tools: Import in the WordPress admin panel.
 3. Install the "WordPress" importer from the list.
 4. Activate & Run Importer.
 5. Upload this file using the form provided on that page.
 6. You will first be asked to map the authors in this export file to users
    on the site. For each author, you may choose to map to an
    existing user on the site or to create a new user.
 7. WordPress will then import each of the posts, pages, comments, categories, etc.
    contained in this file into your site.
-->
<!-- generator="WordPress.com" created="2024-10-22 20:24"-->
<rss version="2.0" xmlns:excerpt="http://wordpress.org/export/1.2/excerpt/" xmlns:content="http://purl.org/rss/1.0/modules/content/" xmlns:wfw="http://wellformedweb.org/CommentAPI/" xmlns:dc="http://purl.org/dc/elements/1.1/" xmlns:wp="http://wordpress.org/export/1.2/">
  <channel>
<title>freefaucet1.wordpress.com</title>
<link>https://freefaucet1.wordpress.com</link>
<description>Free cryptocurrency faucet</description>
<pubDate>Tue, 22 Oct 2024 20:24:24 +0000</pubDate>
<language>en</language>
<wp:wxr_version>1.2</wp:wxr_version>
<wp:base_site_url>http://wordpress.com/</wp:base_site_url>
<wp:base_blog_url>https://freefaucet1.wordpress.com</wp:base_blog_url>
<wp:author>
  <wp:author_id>257109263</wp:author_id>
  <wp:author_login>mohamedgacem70</wp:author_login>
  <wp:author_email>mohamedgacem70@gmail.com</wp:author_email>
  <wp:author_display_name><![CDATA[MOHA MED]]></wp:author_display_name>
  <wp:author_first_name><![CDATA[MOHA]]></wp:author_first_name>
  <wp:author_last_name><![CDATA[MED]]></wp:author_last_name>
</wp:author>
<wp:category>
  <wp:term_id>205646</wp:term_id>
  <wp:category_nicename>%d8%ba%d9%8a%d8%b1-%d9%85%d8%b5%d9%86%d9%91%d9%81</wp:category_nicename>
  <wp:category_parent/>
  <wp:cat_name><![CDATA[غير مصنّف]]></wp:cat_name>
</wp:category>
<wp:tag>
  <wp:term_id>116305918</wp:term_id>
  <wp:tag_slug>dailyprompt</wp:tag_slug>
  <wp:tag_name><![CDATA[dailyprompt]]></wp:tag_name>
</wp:tag>
<wp:tag>
  <wp:term_id>759344819</wp:term_id>
  <wp:tag_slug>dailyprompt-2093</wp:tag_slug>
  <wp:tag_name><![CDATA[dailyprompt-2093]]></wp:tag_name>
</wp:tag>
<wp:tag>
  <wp:term_id>759344851</wp:term_id>
  <wp:tag_slug>dailyprompt-2094</wp:tag_slug>
  <wp:tag_name><![CDATA[dailyprompt-2094]]></wp:tag_name>
</wp:tag>
<generator>http://wordpress.com/</generator>

<image>
	<url>https://freefaucet1.wordpress.com/wp-content/uploads/2024/10/cropped-pexels-photo-1097946.jpeg?w=32</url>
	<title>freefaucet1.wordpress.com</title>
	<link>https://freefaucet1.wordpress.com</link>
	<width>32</width>
	<height>32</height>
</image> 
<item>
  <title><![CDATA[نبذة عني]]></title>
  <link>https://freefaucet1.wordpress.com/معلومات%20عنا/</link>
  <pubDate>Wed, 16 Oct 2024 18:36:24 +0000</pubDate>
  <dc:creator>mohamedgacem70</dc:creator>
  <guid isPermaLink="false">http://freefaucet1.wordpress.com/?page_id=1</guid>
  <description/>
  <content:encoded><![CDATA[<!-- wp:paragraph -->
<p>هذا مثال لصفحة. قم بإلغاء الإعجاب بالمقالات التي تظهر في الصفحة الأولى من مدونتك بالترتيب التي نُشرت به، فالصفحات تتناسب بشكل أفضل مع المحتوى المستمر لفترة طويلة الذي تريد تسهيل الوصول إليه مثل المعلومات الخاصة بك ومعلومات اتصالك. انقر فوق رابط "تحرير" لإجراء تغييرات على هذه الصفحة <a title="رابط مباشر لإضافة صفحة جديدة في لوحة التحكم لديك" href="https://wordpress.com/page/238092366/new/">أو أضف صفحة أخرى</a>.</p>
<!-- /wp:paragraph -->]]></content:encoded>
  <excerpt:encoded><![CDATA[]]></excerpt:encoded>
  <wp:post_id>1</wp:post_id>
  <wp:post_date>2024-10-16 18:36:24</wp:post_date>
  <wp:post_date_gmt>2024-10-16 18:36:24</wp:post_date_gmt>
  <wp:post_modified>2024-10-16 18:36:24</wp:post_modified>
  <wp:post_modified_gmt>2024-10-16 18:36:24</wp:post_modified_gmt>
  <wp:comment_status>closed</wp:comment_status>
  <wp:ping_status>open</wp:ping_status>
  <wp:post_name>معلومات عنا</wp:post_name>
  <wp:status>publish</wp:status>
  <wp:post_parent>0</wp:post_parent>
  <wp:menu_order>0</wp:menu_order>
  <wp:post_type>page</wp:post_type>
  <wp:post_password/>
  <wp:is_sticky>0</wp:is_sticky>
  <wp:postmeta>
    <wp:meta_key>_wp_page_template</wp:meta_key>
    <wp:meta_value><![CDATA[default]]></wp:meta_value>
  </wp:postmeta>
  <wp:postmeta>
    <wp:meta_key>_elasticsearch_data_sharing_indexed_on</wp:meta_key>
    <wp:meta_value><![CDATA[2024-10-16 18:36:27]]></wp:meta_value>
  </wp:postmeta>
</item>
<item>
  <title><![CDATA[مرحبًا أيها العالم!]]></title>
  <link>https://freefaucet1.wordpress.com/2024/10/16/hello-world/</link>
  <pubDate>Wed, 16 Oct 2024 18:31:25 +0000</pubDate>
  <dc:creator>mohamedgacem70</dc:creator>
  <guid isPermaLink="false">https://freefaucet1.wordpress.com/2024/10/16/hello-world/</guid>
  <description/>
  <content:encoded><![CDATA[<!-- wp:paragraph -->
<p>مرحباً بك في ووردبريس! هذه هي مقالتك الأولى. قم بتحريرها أو حذفها لاتخاذ الخطوة الأولى في رحلة التدوين لديك.</p>
<!-- /wp:paragraph -->]]></content:encoded>
  <excerpt:encoded><![CDATA[]]></excerpt:encoded>
  <wp:post_id>2</wp:post_id>
  <wp:post_date>2024-10-16 21:31:25</wp:post_date>
  <wp:post_date_gmt>2024-10-16 18:31:25</wp:post_date_gmt>
  <wp:post_modified>2024-10-16 21:31:25</wp:post_modified>
  <wp:post_modified_gmt>2024-10-16 18:31:25</wp:post_modified_gmt>
  <wp:comment_status>open</wp:comment_status>
  <wp:ping_status>open</wp:ping_status>
  <wp:post_name>hello-world</wp:post_name>
  <wp:status>publish</wp:status>
  <wp:post_parent>0</wp:post_parent>
  <wp:menu_order>0</wp:menu_order>
  <wp:post_type>post</wp:post_type>
  <wp:post_password/>
  <wp:is_sticky>0</wp:is_sticky>
  <category domain="category" nicename="%d8%ba%d9%8a%d8%b1-%d9%85%d8%b5%d9%86%d9%91%d9%81"><![CDATA[غير مصنّف]]></category>
  <wp:postmeta>
    <wp:meta_key>_headstart_post</wp:meta_key>
    <wp:meta_value><![CDATA[_hs_extra]]></wp:meta_value>
  </wp:postmeta>
  <wp:postmeta>
    <wp:meta_key>sharing_disabled</wp:meta_key>
    <wp:meta_value><![CDATA[a:1:{i:0;N;}]]></wp:meta_value>
  </wp:postmeta>
  <wp:postmeta>
    <wp:meta_key>switch_like_status</wp:meta_key>
    <wp:meta_value><![CDATA[a:1:{i:0;N;}]]></wp:meta_value>
  </wp:postmeta>
  <wp:postmeta>
    <wp:meta_key>_starter_page_template</wp:meta_key>
    <wp:meta_value><![CDATA[]]></wp:meta_value>
  </wp:postmeta>
  <wp:postmeta>
    <wp:meta_key>_hs_old_id</wp:meta_key>
    <wp:meta_value><![CDATA[4]]></wp:meta_value>
  </wp:postmeta>
  <wp:postmeta>
    <wp:meta_key>_wpas_skip_all_services</wp:meta_key>
    <wp:meta_value><![CDATA[1]]></wp:meta_value>
  </wp:postmeta>
  <wp:postmeta>
    <wp:meta_key>_publicize_pending</wp:meta_key>
    <wp:meta_value><![CDATA[1]]></wp:meta_value>
  </wp:postmeta>
  <wp:postmeta>
    <wp:meta_key>_elasticsearch_data_sharing_indexed_on</wp:meta_key>
    <wp:meta_value><![CDATA[2024-10-16 18:36:26]]></wp:meta_value>
  </wp:postmeta>
</item>
<item>
  <title><![CDATA[Custom Styles]]></title>
  <link>https://freefaucet1.wordpress.com/2024/10/16/wp-global-styles-pub%2ftwentytwentyfour/</link>
  <pubDate>Wed, 16 Oct 2024 18:39:00 +0000</pubDate>
  <dc:creator>mohamedgacem70</dc:creator>
  <guid isPermaLink="false">https://freefaucet1.wordpress.com/2024/10/16/wp-global-styles-pub%2ftwentytwentyfour/</guid>
  <description/>
  <content:encoded><![CDATA[{"version":3,"isGlobalStylesUserThemeJSON":true}]]></content:encoded>
  <excerpt:encoded><![CDATA[]]></excerpt:encoded>
  <wp:post_id>3</wp:post_id>
  <wp:post_date>2024-10-16 19:39:00</wp:post_date>
  <wp:post_date_gmt>2024-10-16 18:39:00</wp:post_date_gmt>
  <wp:post_modified>2024-10-16 19:39:00</wp:post_modified>
  <wp:post_modified_gmt>2024-10-16 18:39:00</wp:post_modified_gmt>
  <wp:comment_status>closed</wp:comment_status>
  <wp:ping_status>closed</wp:ping_status>
  <wp:post_name>wp-global-styles-pub%2ftwentytwentyfour</wp:post_name>
  <wp:status>publish</wp:status>
  <wp:post_parent>0</wp:post_parent>
  <wp:menu_order>0</wp:menu_order>
  <wp:post_type>wp_global_styles</wp:post_type>
  <wp:post_password/>
  <wp:is_sticky>0</wp:is_sticky>
  <category domain="wp_theme" nicename="twentytwentyfour"><![CDATA[twentytwentyfour]]></category>
  <wp:postmeta>
    <wp:meta_key>_publicize_pending</wp:meta_key>
    <wp:meta_value><![CDATA[1]]></wp:meta_value>
  </wp:postmeta>
</item>
<item>
  <title><![CDATA[التنقل]]></title>
  <link>https://freefaucet1.wordpress.com/2024/10/16/navigation/</link>
  <pubDate>Wed, 16 Oct 2024 18:40:37 +0000</pubDate>
  <dc:creator>mohamedgacem70</dc:creator>
  <guid isPermaLink="false">https://freefaucet1.wordpress.com/2024/10/16/navigation/</guid>
  <description/>
  <content:encoded><![CDATA[<!-- wp:page-list /-->]]></content:encoded>
  <excerpt:encoded><![CDATA[]]></excerpt:encoded>
  <wp:post_id>4</wp:post_id>
  <wp:post_date>2024-10-16 19:40:37</wp:post_date>
  <wp:post_date_gmt>2024-10-16 18:40:37</wp:post_date_gmt>
  <wp:post_modified>2024-10-16 19:40:37</wp:post_modified>
  <wp:post_modified_gmt>2024-10-16 18:40:37</wp:post_modified_gmt>
  <wp:comment_status>closed</wp:comment_status>
  <wp:ping_status>closed</wp:ping_status>
  <wp:post_name>navigation</wp:post_name>
  <wp:status>publish</wp:status>
  <wp:post_parent>0</wp:post_parent>
  <wp:menu_order>0</wp:menu_order>
  <wp:post_type>wp_navigation</wp:post_type>
  <wp:post_password/>
  <wp:is_sticky>0</wp:is_sticky>
  <wp:postmeta>
    <wp:meta_key>_publicize_pending</wp:meta_key>
    <wp:meta_value><![CDATA[1]]></wp:meta_value>
  </wp:postmeta>
</item>
<item>
  <title><![CDATA[]]></title>
  <link>https://freefaucet1.wordpress.com/2024/10/16/5/</link>
  <pubDate>Wed, 16 Oct 2024 18:44:51 +0000</pubDate>
  <dc:creator>mohamedgacem70</dc:creator>
  <guid isPermaLink="false">https://freefaucet1.wordpress.com/?p=5</guid>
  <description/>
  <content:encoded><![CDATA[<!-- wp:pullquote -->
<figure class="wp-block-pullquote"><blockquote><p>عندما تفكّر في الكلمة "ناجح"، مَن أول شخص يأتي ببالك ولماذا؟</p></blockquote></figure>
<!-- /wp:pullquote -->

<!-- wp:paragraph -->
<p></p>
<!-- /wp:paragraph -->]]></content:encoded>
  <excerpt:encoded><![CDATA[]]></excerpt:encoded>
  <wp:post_id>5</wp:post_id>
  <wp:post_date>2024-10-16 19:44:51</wp:post_date>
  <wp:post_date_gmt>2024-10-16 18:44:51</wp:post_date_gmt>
  <wp:post_modified>2024-10-16 23:33:28</wp:post_modified>
  <wp:post_modified_gmt>2024-10-16 22:33:28</wp:post_modified_gmt>
  <wp:comment_status>open</wp:comment_status>
  <wp:ping_status>open</wp:ping_status>
  <wp:post_name>5</wp:post_name>
  <wp:status>publish</wp:status>
  <wp:post_parent>0</wp:post_parent>
  <wp:menu_order>0</wp:menu_order>
  <wp:post_type>post</wp:post_type>
  <wp:post_password/>
  <wp:is_sticky>0</wp:is_sticky>
  <category domain="post_tag" nicename="dailyprompt"><![CDATA[dailyprompt]]></category>
  <category domain="post_tag" nicename="dailyprompt-2093"><![CDATA[dailyprompt-2093]]></category>
  <category domain="category" nicename="%d8%ba%d9%8a%d8%b1-%d9%85%d8%b5%d9%86%d9%91%d9%81"><![CDATA[غير مصنّف]]></category>
  <wp:postmeta>
    <wp:meta_key>_jetpack_blogging_prompt_key</wp:meta_key>
    <wp:meta_value><![CDATA[2093]]></wp:meta_value>
  </wp:postmeta>
  <wp:postmeta>
    <wp:meta_key>_rest_api_published</wp:meta_key>
    <wp:meta_value><![CDATA[1]]></wp:meta_value>
  </wp:postmeta>
  <wp:postmeta>
    <wp:meta_key>firehose_sent</wp:meta_key>
    <wp:meta_value><![CDATA[1729118011]]></wp:meta_value>
  </wp:postmeta>
  <wp:postmeta>
    <wp:meta_key>_publicize_job_id</wp:meta_key>
    <wp:meta_value><![CDATA[98677587395]]></wp:meta_value>
  </wp:postmeta>
  <wp:postmeta>
    <wp:meta_key>timeline_notification</wp:meta_key>
    <wp:meta_value><![CDATA[1729118011]]></wp:meta_value>
  </wp:postmeta>
  <wp:postmeta>
    <wp:meta_key>_rest_api_client_id</wp:meta_key>
    <wp:meta_value><![CDATA[2697]]></wp:meta_value>
  </wp:postmeta>
  <wp:postmeta>
    <wp:meta_key>_elasticsearch_data_sharing_indexed_on</wp:meta_key>
    <wp:meta_value><![CDATA[2024-10-16 19:00:03]]></wp:meta_value>
  </wp:postmeta>
</item>
<item>
  <title><![CDATA[closeup photo of three round coins in person s palm]]></title>
  <link>https://freefaucet1.wordpress.com/pexels-photo-1097946/</link>
  <pubDate>Wed, 16 Oct 2024 19:16:06 +0000</pubDate>
  <dc:creator>mohamedgacem70</dc:creator>
  <guid isPermaLink="false">http://freefaucet1.files.wordpress.com/2024/10/pexels-photo-1097946.jpeg</guid>
  <description/>
  <content:encoded><![CDATA[]]></content:encoded>
  <excerpt:encoded><![CDATA[Photo by Worldspectrum on <a href="https://www.pexels.com/photo/closeup-photo-of-three-round-coins-in-person-s-palm-1097946/" rel="nofollow">Pexels.com</a>]]></excerpt:encoded>
  <wp:post_id>6</wp:post_id>
  <wp:post_date>2024-10-16 20:16:06</wp:post_date>
  <wp:post_date_gmt>2024-10-16 19:16:06</wp:post_date_gmt>
  <wp:post_modified>2024-10-16 20:16:07</wp:post_modified>
  <wp:post_modified_gmt>2024-10-16 19:16:07</wp:post_modified_gmt>
  <wp:comment_status>open</wp:comment_status>
  <wp:ping_status>closed</wp:ping_status>
  <wp:post_name>pexels-photo-1097946</wp:post_name>
  <wp:status>inherit</wp:status>
  <wp:post_parent>0</wp:post_parent>
  <wp:menu_order>0</wp:menu_order>
  <wp:post_type>attachment</wp:post_type>
  <wp:post_password/>
  <wp:is_sticky>0</wp:is_sticky>
  <wp:attachment_url>https://freefaucet1.wordpress.com/wp-content/uploads/2024/10/pexels-photo-1097946.jpeg</wp:attachment_url>
  <wp:postmeta>
    <wp:meta_key>_wp_attached_file</wp:meta_key>
    <wp:meta_value><![CDATA[/home/wpcom/public_html/wp-content/blogs.dir/27e/238092366/files/2024/10/pexels-photo-1097946.jpeg]]></wp:meta_value>
  </wp:postmeta>
  <wp:postmeta>
    <wp:meta_key>_wp_attachment_metadata</wp:meta_key>
    <wp:meta_value><![CDATA[a:6:{s:5:"width";i:1201;s:6:"height";i:1300;s:4:"file";s:98:"/home/wpcom/public_html/wp-content/blogs.dir/27e/238092366/files/2024/10/pexels-photo-1097946.jpeg";s:8:"filesize";i:125197;s:5:"sizes";a:0:{}s:10:"image_meta";a:12:{s:8:"aperture";s:1:"0";s:6:"credit";s:0:"";s:6:"camera";s:0:"";s:7:"caption";s:0:"";s:17:"created_timestamp";s:1:"0";s:9:"copyright";s:0:"";s:12:"focal_length";s:1:"0";s:3:"iso";s:1:"0";s:13:"shutter_speed";s:1:"0";s:5:"title";s:0:"";s:11:"orientation";s:1:"0";s:8:"keywords";a:0:{}}}]]></wp:meta_value>
  </wp:postmeta>
</item>
<item>
  <title><![CDATA[cropped-pexels-photo-1097946]]></title>
  <link>https://freefaucet1.wordpress.com/cropped-pexels-photo-1097946/</link>
  <pubDate>Wed, 16 Oct 2024 19:16:20 +0000</pubDate>
  <dc:creator>mohamedgacem70</dc:creator>
  <guid isPermaLink="false">http://freefaucet1.files.wordpress.com/2024/10/cropped-pexels-photo-1097946.jpeg</guid>
  <description/>
  <content:encoded><![CDATA[]]></content:encoded>
  <excerpt:encoded><![CDATA[]]></excerpt:encoded>
  <wp:post_id>7</wp:post_id>
  <wp:post_date>2024-10-16 20:16:20</wp:post_date>
  <wp:post_date_gmt>2024-10-16 19:16:20</wp:post_date_gmt>
  <wp:post_modified>2024-10-16 20:16:20</wp:post_modified>
  <wp:post_modified_gmt>2024-10-16 19:16:20</wp:post_modified_gmt>
  <wp:comment_status>open</wp:comment_status>
  <wp:ping_status>closed</wp:ping_status>
  <wp:post_name>cropped-pexels-photo-1097946</wp:post_name>
  <wp:status>inherit</wp:status>
  <wp:post_parent>0</wp:post_parent>
  <wp:menu_order>0</wp:menu_order>
  <wp:post_type>attachment</wp:post_type>
  <wp:post_password/>
  <wp:is_sticky>0</wp:is_sticky>
  <wp:attachment_url>https://freefaucet1.wordpress.com/wp-content/uploads/2024/10/cropped-pexels-photo-1097946.jpeg</wp:attachment_url>
  <wp:postmeta>
    <wp:meta_key>_wp_attached_file</wp:meta_key>
    <wp:meta_value><![CDATA[/home/wpcom/public_html/wp-content/blogs.dir/27e/238092366/files/2024/10/cropped-pexels-photo-1097946.jpeg]]></wp:meta_value>
  </wp:postmeta>
  <wp:postmeta>
    <wp:meta_key>_wp_attachment_metadata</wp:meta_key>
    <wp:meta_value><![CDATA[a:6:{s:5:"width";i:1201;s:6:"height";i:1201;s:4:"file";s:106:"/home/wpcom/public_html/wp-content/blogs.dir/27e/238092366/files/2024/10/cropped-pexels-photo-1097946.jpeg";s:8:"filesize";i:489401;s:5:"sizes";a:0:{}s:10:"image_meta";a:12:{s:8:"aperture";s:1:"0";s:6:"credit";s:0:"";s:6:"camera";s:0:"";s:7:"caption";s:0:"";s:17:"created_timestamp";s:1:"0";s:9:"copyright";s:0:"";s:12:"focal_length";s:1:"0";s:3:"iso";s:1:"0";s:13:"shutter_speed";s:1:"0";s:5:"title";s:0:"";s:11:"orientation";s:1:"0";s:8:"keywords";a:0:{}}}]]></wp:meta_value>
  </wp:postmeta>
</item>
<item>
  <title><![CDATA[Faucets for Cryptocurrencies: An Overview]]></title>
  <link>https://freefaucet1.wordpress.com/2024/10/16/faucets-for-cryptocurrencies-an-overview/</link>
  <pubDate>Wed, 16 Oct 2024 21:08:50 +0000</pubDate>
  <dc:creator>mohamedgacem70</dc:creator>
  <guid isPermaLink="false">https://freefaucet1.wordpress.com/?p=8</guid>
  <description/>
  <content:encoded><![CDATA[<!-- wp:paragraph -->
<p>Cryptocurrency faucets have gained popularity over the years as a simple and effective way for newcomers to explore the world of digital currencies. They offer small amounts of cryptocurrencies in exchange for completing simple tasks or solving captchas, serving as an entry point for users to earn crypto without requiring an initial investment. Here, we will discuss the concept of cryptocurrency faucets, how they work, and their impact on the broader crypto ecosystem.</p>
<!-- /wp:paragraph -->

<!-- wp:heading {"level":3} -->
<h3 class="wp-block-heading">What are Cryptocurrency Faucets?</h3>
<!-- /wp:heading -->

<!-- wp:paragraph -->
<p>Cryptocurrency faucets are websites or apps that give out small amounts of cryptocurrency as a reward for users performing minor tasks. The term "faucet" comes from the idea that the rewards "drip" out in tiny amounts, similar to how a faucet might drip water. These tasks can range from watching advertisements, solving captchas, or playing games to referring friends or clicking on specific links. In return, users are rewarded with fractions of a cryptocurrency, often referred to as "satoshis" when dealing with Bitcoin.</p>
<!-- /wp:paragraph -->

<!-- wp:paragraph -->
<p>The primary objective of these faucets is to introduce people to the concept of cryptocurrencies and blockchain technology. By providing small rewards, they allow users to experiment with crypto transactions and wallets without risking their own money.</p>
<!-- /wp:paragraph -->

<!-- wp:heading {"level":3} -->
<h3 class="wp-block-heading">How Do Cryptocurrency Faucets Work?</h3>
<!-- /wp:heading -->

<!-- wp:paragraph -->
<p>Most cryptocurrency faucets operate using advertising revenue. The websites or apps display ads, and a portion of the revenue generated from these ads is used to pay the users in cryptocurrency. Here's a step-by-step breakdown of how a typical faucet works:</p>
<!-- /wp:paragraph -->

<!-- wp:list {"ordered":true} -->
<ol class="wp-block-list"><!-- wp:list-item -->
<li><strong>User Registration</strong>: Users sign up on a faucet platform, usually requiring an email and a cryptocurrency wallet address to receive payouts.</li>
<!-- /wp:list-item -->

<!-- wp:list-item -->
<li><strong>Complete Tasks</strong>: Users complete specific tasks, such as filling out surveys, watching ads, or solving captchas. These tasks usually take a few seconds to a minute.</li>
<!-- /wp:list-item -->

<!-- wp:list-item -->
<li><strong>Earn Rewards</strong>: Once a task is completed, users receive a small amount of cryptocurrency, which is credited to their account.</li>
<!-- /wp:list-item -->

<!-- wp:list-item -->
<li><strong>Withdrawal</strong>: When a user accumulates a minimum threshold of earnings, they can withdraw their balance to their personal cryptocurrency wallet.</li>
<!-- /wp:list-item --></ol>
<!-- /wp:list -->

<!-- wp:heading {"level":3} -->
<h3 class="wp-block-heading">Popular Cryptocurrencies on Faucets</h3>
<!-- /wp:heading -->

<!-- wp:paragraph -->
<p>Faucets initially started with Bitcoin, the most well-known cryptocurrency. However, as the crypto market expanded, many faucets now offer a variety of digital currencies. Some common cryptocurrencies found on faucets include:</p>
<!-- /wp:paragraph -->

<!-- wp:list -->
<ul class="wp-block-list"><!-- wp:list-item -->
<li><strong>Bitcoin (BTC)</strong>: The original and most popular choice for faucet platforms.</li>
<!-- /wp:list-item -->

<!-- wp:list-item -->
<li><strong>Ethereum (ETH)</strong>: Another widely available option, especially given its role in decentralized finance (DeFi).</li>
<!-- /wp:list-item -->

<!-- wp:list-item -->
<li><strong>Litecoin (LTC)</strong>: Known for its faster transaction times, Litecoin is a popular alternative.</li>
<!-- /wp:list-item -->

<!-- wp:list-item -->
<li><strong>Dogecoin (DOGE)</strong>: Originally created as a joke, Dogecoin has become a popular faucet offering.</li>
<!-- /wp:list-item --></ul>
<!-- /wp:list -->

<!-- wp:heading {"level":3} -->
<h3 class="wp-block-heading">Benefits of Cryptocurrency Faucets</h3>
<!-- /wp:heading -->

<!-- wp:list {"ordered":true} -->
<ol class="wp-block-list"><!-- wp:list-item -->
<li><strong>Introduction to Cryptocurrencies</strong>: Faucets provide a risk-free way for beginners to learn about digital currencies and how transactions work.</li>
<!-- /wp:list-item -->

<!-- wp:list-item -->
<li><strong>Increased Adoption</strong>: By distributing small amounts of cryptocurrency, faucets help increase the adoption of digital assets among the general public.</li>
<!-- /wp:list-item -->

<!-- wp:list-item -->
<li><strong>Promotional Tool</strong>: For newer cryptocurrencies, faucets can be an effective promotional tool. They allow projects to distribute tokens to a large audience, creating initial interest and building a user base.</li>
<!-- /wp:list-item -->

<!-- wp:list-item -->
<li><strong>Earning Opportunities</strong>: While the payouts from faucets are small, they can add up over time, especially for users in countries where the value of cryptocurrencies can exceed local currency income.</li>
<!-- /wp:list-item --></ol>
<!-- /wp:list -->

<!-- wp:heading {"level":3} -->
<h3 class="wp-block-heading">Challenges and Downsides</h3>
<!-- /wp:heading -->

<!-- wp:paragraph -->
<p>Despite the benefits, cryptocurrency faucets are not without their challenges:</p>
<!-- /wp:paragraph -->

<!-- wp:list -->
<ul class="wp-block-list"><!-- wp:list-item -->
<li><strong>Low Payouts</strong>: The amount of cryptocurrency given out by faucets is usually very small. Even after completing many tasks, users may only accumulate a small fraction of a single coin.</li>
<!-- /wp:list-item -->

<!-- wp:list-item -->
<li><strong>Scams</strong>: Some websites may not pay out as promised or disappear entirely, leaving users without their earnings.</li>
<!-- /wp:list-item -->

<!-- wp:list-item -->
<li><strong>Time-Consuming</strong>: The effort required to earn significant amounts of cryptocurrency can be high, making it an inefficient way to accumulate coins for most users.</li>
<!-- /wp:list-item -->

<!-- wp:list-item -->
<li><strong>High Competition</strong>: With the growing number of users and the increasing value of cryptocurrencies, faucet payouts have generally decreased over time.</li>
<!-- /wp:list-item --></ul>
<!-- /wp:list -->

<!-- wp:heading {"level":3} -->
<h3 class="wp-block-heading">Conclusion</h3>
<!-- /wp:heading -->

<!-- wp:paragraph -->
<p>Cryptocurrency faucets serve as a unique entry point for people to familiarize themselves with digital currencies. While they may not offer significant financial rewards, they contribute to the broader adoption of cryptocurrencies by allowing users to interact with blockchain technology in a risk-free environment. As the crypto landscape evolves, faucets will likely continue to play a role in introducing newcomers to this innovative space, despite their challenges.</p>
<!-- /wp:paragraph -->

<!-- wp:paragraph -->
<p>4o</p>
<!-- /wp:paragraph -->

<!-- wp:image {"id":11,"width":"297px","height":"auto","sizeSlug":"large","linkDestination":"none"} -->
<figure class="wp-block-image size-large is-resized"><img src="https://freefaucet1.wordpress.com/wp-content/uploads/2024/10/cropped-pexels-photo-1097946.webp?w=120" alt="" class="wp-image-11" style="width:297px;height:auto" /></figure>
<!-- /wp:image -->

<!-- wp:paragraph -->
<p></p>
<!-- /wp:paragraph -->]]></content:encoded>
  <excerpt:encoded><![CDATA[]]></excerpt:encoded>
  <wp:post_id>8</wp:post_id>
  <wp:post_date>2024-10-16 22:08:50</wp:post_date>
  <wp:post_date_gmt>2024-10-16 21:08:50</wp:post_date_gmt>
  <wp:post_modified>2024-10-16 22:08:50</wp:post_modified>
  <wp:post_modified_gmt>2024-10-16 21:08:50</wp:post_modified_gmt>
  <wp:comment_status>open</wp:comment_status>
  <wp:ping_status>open</wp:ping_status>
  <wp:post_name>faucets-for-cryptocurrencies-an-overview</wp:post_name>
  <wp:status>publish</wp:status>
  <wp:post_parent>0</wp:post_parent>
  <wp:menu_order>0</wp:menu_order>
  <wp:post_type>post</wp:post_type>
  <wp:post_password/>
  <wp:is_sticky>0</wp:is_sticky>
  <category domain="category" nicename="%d8%ba%d9%8a%d8%b1-%d9%85%d8%b5%d9%86%d9%91%d9%81"><![CDATA[غير مصنّف]]></category>
  <wp:postmeta>
    <wp:meta_key>_last_editor_used_jetpack</wp:meta_key>
    <wp:meta_value><![CDATA[block-editor]]></wp:meta_value>
  </wp:postmeta>
  <wp:postmeta>
    <wp:meta_key>firehose_sent</wp:meta_key>
    <wp:meta_value><![CDATA[1729112931]]></wp:meta_value>
  </wp:postmeta>
  <wp:postmeta>
    <wp:meta_key>_publicize_job_id</wp:meta_key>
    <wp:meta_value><![CDATA[98676128529]]></wp:meta_value>
  </wp:postmeta>
  <wp:postmeta>
    <wp:meta_key>wpcom_is_first_post</wp:meta_key>
    <wp:meta_value><![CDATA[1]]></wp:meta_value>
  </wp:postmeta>
  <wp:postmeta>
    <wp:meta_key>timeline_notification</wp:meta_key>
    <wp:meta_value><![CDATA[1729112932]]></wp:meta_value>
  </wp:postmeta>
  <wp:postmeta>
    <wp:meta_key>_elasticsearch_data_sharing_indexed_on</wp:meta_key>
    <wp:meta_value><![CDATA[2024-10-16 21:07:43]]></wp:meta_value>
  </wp:postmeta>
</item>
<item>
  <title><![CDATA[cropped-pexels-photo-1097946]]></title>
  <link>https://freefaucet1.wordpress.com/2024/10/16/faucets-for-cryptocurrencies-an-overview/cropped-pexels-photo-1097946-2/</link>
  <pubDate>Wed, 16 Oct 2024 21:05:18 +0000</pubDate>
  <dc:creator>mohamedgacem70</dc:creator>
  <guid isPermaLink="false">http://freefaucet1.files.wordpress.com/2024/10/cropped-pexels-photo-1097946.webp</guid>
  <description/>
  <content:encoded><![CDATA[]]></content:encoded>
  <excerpt:encoded><![CDATA[]]></excerpt:encoded>
  <wp:post_id>11</wp:post_id>
  <wp:post_date>2024-10-16 22:05:18</wp:post_date>
  <wp:post_date_gmt>2024-10-16 21:05:18</wp:post_date_gmt>
  <wp:post_modified>2024-10-16 22:05:18</wp:post_modified>
  <wp:post_modified_gmt>2024-10-16 21:05:18</wp:post_modified_gmt>
  <wp:comment_status>open</wp:comment_status>
  <wp:ping_status>closed</wp:ping_status>
  <wp:post_name>cropped-pexels-photo-1097946-2</wp:post_name>
  <wp:status>inherit</wp:status>
  <wp:post_parent>8</wp:post_parent>
  <wp:menu_order>0</wp:menu_order>
  <wp:post_type>attachment</wp:post_type>
  <wp:post_password/>
  <wp:is_sticky>0</wp:is_sticky>
  <wp:attachment_url>https://freefaucet1.wordpress.com/wp-content/uploads/2024/10/cropped-pexels-photo-1097946.webp</wp:attachment_url>
  <wp:postmeta>
    <wp:meta_key>_wp_attached_file</wp:meta_key>
    <wp:meta_value><![CDATA[/home/wpcom/public_html/wp-content/blogs.dir/27e/238092366/files/2024/10/cropped-pexels-photo-1097946.webp]]></wp:meta_value>
  </wp:postmeta>
  <wp:postmeta>
    <wp:meta_key>_wp_attachment_metadata</wp:meta_key>
    <wp:meta_value><![CDATA[a:6:{s:5:"width";i:120;s:6:"height";i:120;s:4:"file";s:106:"/home/wpcom/public_html/wp-content/blogs.dir/27e/238092366/files/2024/10/cropped-pexels-photo-1097946.webp";s:8:"filesize";i:16608;s:5:"sizes";a:0:{}s:10:"image_meta";a:12:{s:8:"aperture";s:1:"0";s:6:"credit";s:0:"";s:6:"camera";s:0:"";s:7:"caption";s:0:"";s:17:"created_timestamp";s:1:"0";s:9:"copyright";s:0:"";s:12:"focal_length";s:1:"0";s:3:"iso";s:1:"0";s:13:"shutter_speed";s:1:"0";s:5:"title";s:0:"";s:11:"orientation";s:1:"0";s:8:"keywords";a:0:{}}}]]></wp:meta_value>
  </wp:postmeta>
</item>
<item>
  <title><![CDATA[]]></title>
  <link>https://freefaucet1.wordpress.com/2024/10/16/14/</link>
  <pubDate>Wed, 16 Oct 2024 21:30:38 +0000</pubDate>
  <dc:creator>mohamedgacem70</dc:creator>
  <guid isPermaLink="false">https://freefaucet1.wordpress.com/2024/10/16/14/</guid>
  <description/>
  <content:encoded><![CDATA[<!-- wp:pullquote -->
<figure class="wp-block-pullquote"><blockquote><p>عندما تفكّر في الكلمة "ناجح"، مَن أول شخص يأتي ببالك ولماذا؟</p></blockquote></figure>
<!-- /wp:pullquote -->

<!-- wp:paragraph -->
<p>الذي يعمل</p>
<!-- /wp:paragraph -->]]></content:encoded>
  <excerpt:encoded><![CDATA[]]></excerpt:encoded>
  <wp:post_id>14</wp:post_id>
  <wp:post_date>2024-10-16 22:30:38</wp:post_date>
  <wp:post_date_gmt>2024-10-16 21:30:38</wp:post_date_gmt>
  <wp:post_modified>2024-10-16 22:30:38</wp:post_modified>
  <wp:post_modified_gmt>2024-10-16 21:30:38</wp:post_modified_gmt>
  <wp:comment_status>open</wp:comment_status>
  <wp:ping_status>open</wp:ping_status>
  <wp:post_name>14</wp:post_name>
  <wp:status>publish</wp:status>
  <wp:post_parent>0</wp:post_parent>
  <wp:menu_order>0</wp:menu_order>
  <wp:post_type>post</wp:post_type>
  <wp:post_password/>
  <wp:is_sticky>0</wp:is_sticky>
  <category domain="post_tag" nicename="dailyprompt"><![CDATA[dailyprompt]]></category>
  <category domain="post_tag" nicename="dailyprompt-2093"><![CDATA[dailyprompt-2093]]></category>
  <category domain="category" nicename="%d8%ba%d9%8a%d8%b1-%d9%85%d8%b5%d9%86%d9%91%d9%81"><![CDATA[غير مصنّف]]></category>
  <wp:postmeta>
    <wp:meta_key>timeline_notification</wp:meta_key>
    <wp:meta_value><![CDATA[1729114281]]></wp:meta_value>
  </wp:postmeta>
  <wp:postmeta>
    <wp:meta_key>firehose_sent</wp:meta_key>
    <wp:meta_value><![CDATA[1729114279]]></wp:meta_value>
  </wp:postmeta>
  <wp:postmeta>
    <wp:meta_key>_rest_api_published</wp:meta_key>
    <wp:meta_value><![CDATA[1]]></wp:meta_value>
  </wp:postmeta>
  <wp:postmeta>
    <wp:meta_key>_rest_api_client_id</wp:meta_key>
    <wp:meta_value><![CDATA[2697]]></wp:meta_value>
  </wp:postmeta>
  <wp:postmeta>
    <wp:meta_key>_jetpack_blogging_prompt_key</wp:meta_key>
    <wp:meta_value><![CDATA[2093]]></wp:meta_value>
  </wp:postmeta>
  <wp:postmeta>
    <wp:meta_key>_publicize_job_id</wp:meta_key>
    <wp:meta_value><![CDATA[98676543490]]></wp:meta_value>
  </wp:postmeta>
  <wp:postmeta>
    <wp:meta_key>_elasticsearch_data_sharing_indexed_on</wp:meta_key>
    <wp:meta_value><![CDATA[2024-10-16 21:31:22]]></wp:meta_value>
  </wp:postmeta>
</item>
<item>
  <title><![CDATA[Custom Styles]]></title>
  <link>https://freefaucet1.wordpress.com/2024/10/16/wp-global-styles-pub%2fmatrioska/</link>
  <pubDate>Wed, 16 Oct 2024 21:34:48 +0000</pubDate>
  <dc:creator>mohamedgacem70</dc:creator>
  <guid isPermaLink="false">https://freefaucet1.wordpress.com/2024/10/16/wp-global-styles-pub%2fmatrioska/</guid>
  <description/>
  <content:encoded><![CDATA[{"version":3,"isGlobalStylesUserThemeJSON":true}]]></content:encoded>
  <excerpt:encoded><![CDATA[]]></excerpt:encoded>
  <wp:post_id>15</wp:post_id>
  <wp:post_date>2024-10-16 22:34:48</wp:post_date>
  <wp:post_date_gmt>2024-10-16 21:34:48</wp:post_date_gmt>
  <wp:post_modified>2024-10-16 22:34:48</wp:post_modified>
  <wp:post_modified_gmt>2024-10-16 21:34:48</wp:post_modified_gmt>
  <wp:comment_status>closed</wp:comment_status>
  <wp:ping_status>closed</wp:ping_status>
  <wp:post_name>wp-global-styles-pub%2fmatrioska</wp:post_name>
  <wp:status>publish</wp:status>
  <wp:post_parent>0</wp:post_parent>
  <wp:menu_order>0</wp:menu_order>
  <wp:post_type>wp_global_styles</wp:post_type>
  <wp:post_password/>
  <wp:is_sticky>0</wp:is_sticky>
  <category domain="wp_theme" nicename="matrioska"><![CDATA[matrioska]]></category>
  <wp:postmeta>
    <wp:meta_key>_publicize_pending</wp:meta_key>
    <wp:meta_value><![CDATA[1]]></wp:meta_value>
  </wp:postmeta>
</item>
<item>
  <title><![CDATA[Custom Styles]]></title>
  <link>https://freefaucet1.wordpress.com/2024/10/16/wp-global-styles-pub%2fnook/</link>
  <pubDate>Wed, 16 Oct 2024 21:41:45 +0000</pubDate>
  <dc:creator>mohamedgacem70</dc:creator>
  <guid isPermaLink="false">https://freefaucet1.wordpress.com/2024/10/16/wp-global-styles-pub%2fnook/</guid>
  <description/>
  <content:encoded><![CDATA[{"version":3,"isGlobalStylesUserThemeJSON":true}]]></content:encoded>
  <excerpt:encoded><![CDATA[]]></excerpt:encoded>
  <wp:post_id>16</wp:post_id>
  <wp:post_date>2024-10-16 22:41:45</wp:post_date>
  <wp:post_date_gmt>2024-10-16 21:41:45</wp:post_date_gmt>
  <wp:post_modified>2024-10-16 22:41:45</wp:post_modified>
  <wp:post_modified_gmt>2024-10-16 21:41:45</wp:post_modified_gmt>
  <wp:comment_status>closed</wp:comment_status>
  <wp:ping_status>closed</wp:ping_status>
  <wp:post_name>wp-global-styles-pub%2fnook</wp:post_name>
  <wp:status>publish</wp:status>
  <wp:post_parent>0</wp:post_parent>
  <wp:menu_order>0</wp:menu_order>
  <wp:post_type>wp_global_styles</wp:post_type>
  <wp:post_password/>
  <wp:is_sticky>0</wp:is_sticky>
  <category domain="wp_theme" nicename="nook"><![CDATA[nook]]></category>
  <wp:postmeta>
    <wp:meta_key>_publicize_pending</wp:meta_key>
    <wp:meta_value><![CDATA[1]]></wp:meta_value>
  </wp:postmeta>
</item>
<item>
  <title><![CDATA[Custom Styles]]></title>
  <link>https://freefaucet1.wordpress.com/2024/10/16/wp-global-styles-pub%2fbute/</link>
  <pubDate>Wed, 16 Oct 2024 21:42:39 +0000</pubDate>
  <dc:creator>mohamedgacem70</dc:creator>
  <guid isPermaLink="false">https://freefaucet1.wordpress.com/2024/10/16/wp-global-styles-pub%2fbute/</guid>
  <description/>
  <content:encoded><![CDATA[{"version":3,"isGlobalStylesUserThemeJSON":true}]]></content:encoded>
  <excerpt:encoded><![CDATA[]]></excerpt:encoded>
  <wp:post_id>17</wp:post_id>
  <wp:post_date>2024-10-16 22:42:39</wp:post_date>
  <wp:post_date_gmt>2024-10-16 21:42:39</wp:post_date_gmt>
  <wp:post_modified>2024-10-16 22:42:39</wp:post_modified>
  <wp:post_modified_gmt>2024-10-16 21:42:39</wp:post_modified_gmt>
  <wp:comment_status>closed</wp:comment_status>
  <wp:ping_status>closed</wp:ping_status>
  <wp:post_name>wp-global-styles-pub%2fbute</wp:post_name>
  <wp:status>publish</wp:status>
  <wp:post_parent>0</wp:post_parent>
  <wp:menu_order>0</wp:menu_order>
  <wp:post_type>wp_global_styles</wp:post_type>
  <wp:post_password/>
  <wp:is_sticky>0</wp:is_sticky>
  <category domain="wp_theme" nicename="bute"><![CDATA[bute]]></category>
  <wp:postmeta>
    <wp:meta_key>_publicize_pending</wp:meta_key>
    <wp:meta_value><![CDATA[1]]></wp:meta_value>
  </wp:postmeta>
</item>
<item>
  <title><![CDATA[Custom Styles]]></title>
  <link>https://freefaucet1.wordpress.com/2024/10/16/wp-global-styles-pub%2fbedrock/</link>
  <pubDate>Wed, 16 Oct 2024 21:44:39 +0000</pubDate>
  <dc:creator>mohamedgacem70</dc:creator>
  <guid isPermaLink="false">https://freefaucet1.wordpress.com/2024/10/16/wp-global-styles-pub%2fbedrock/</guid>
  <description/>
  <content:encoded><![CDATA[{"version":3,"isGlobalStylesUserThemeJSON":true}]]></content:encoded>
  <excerpt:encoded><![CDATA[]]></excerpt:encoded>
  <wp:post_id>18</wp:post_id>
  <wp:post_date>2024-10-16 22:44:39</wp:post_date>
  <wp:post_date_gmt>2024-10-16 21:44:39</wp:post_date_gmt>
  <wp:post_modified>2024-10-16 22:44:39</wp:post_modified>
  <wp:post_modified_gmt>2024-10-16 21:44:39</wp:post_modified_gmt>
  <wp:comment_status>closed</wp:comment_status>
  <wp:ping_status>closed</wp:ping_status>
  <wp:post_name>wp-global-styles-pub%2fbedrock</wp:post_name>
  <wp:status>publish</wp:status>
  <wp:post_parent>0</wp:post_parent>
  <wp:menu_order>0</wp:menu_order>
  <wp:post_type>wp_global_styles</wp:post_type>
  <wp:post_password/>
  <wp:is_sticky>0</wp:is_sticky>
  <category domain="wp_theme" nicename="bedrock"><![CDATA[bedrock]]></category>
  <wp:postmeta>
    <wp:meta_key>_publicize_pending</wp:meta_key>
    <wp:meta_value><![CDATA[1]]></wp:meta_value>
  </wp:postmeta>
</item>
<item>
  <title><![CDATA[Blog Home]]></title>
  <link>https://freefaucet1.wordpress.com/2024/10/16/home/</link>
  <pubDate>Wed, 16 Oct 2024 21:58:07 +0000</pubDate>
  <dc:creator>mohamedgacem70</dc:creator>
  <guid isPermaLink="false">https://freefaucet1.wordpress.com/2024/10/16/home/</guid>
  <description/>
  <content:encoded><![CDATA[<!-- wp:group {"style":{"position":{"type":""},"spacing":{"padding":{"top":"0vh","right":"0vh","bottom":"0vh","left":"0vh"},"margin":{"top":"0vh","bottom":"0vh"},"blockGap":"0vh"}},"layout":{"type":"constrained"}} -->
<div class="wp-block-group" style="margin-top:0vh;margin-bottom:0vh;padding-top:0vh;padding-right:0vh;padding-bottom:0vh;padding-left:0vh"><!-- wp:query {"queryId":0,"query":{"perPage":10,"pages":0,"offset":0,"postType":"post","order":"desc","orderBy":"date","author":"","search":"","exclude":[],"sticky":"","inherit":true,"taxQuery":null,"parents":[]},"tagName":"main","align":"full","layout":{"type":"default"}} -->
<main class="wp-block-query alignfull"><!-- wp:post-template {"align":"full","style":{"spacing":{"blockGap":"0vh"}}} -->
<!-- wp:cover {"useFeaturedImage":true,"hasParallax":true,"dimRatio":70,"overlayColor":"contrast","isUserOverlayColor":true,"minHeight":100,"minHeightUnit":"vh","align":"full","style":{"spacing":{"padding":{"top":"0vh","right":"1rem","bottom":"5vh","left":"1rem"},"margin":{"top":"0vh","bottom":"0vh"},"blockGap":"0vh"},"color":[],"border":{"width":"0px","style":"none","radius":"0px"}},"layout":{"type":"default"}} -->
<div class="wp-block-cover alignfull has-parallax" style="border-style:none;border-width:0px;border-radius:0px;margin-top:0vh;margin-bottom:0vh;padding-top:0vh;padding-right:1rem;padding-bottom:5vh;padding-left:1rem;min-height:100vh"><span aria-hidden="true" class="wp-block-cover__background has-contrast-background-color has-background-dim-70 has-background-dim"></span><div class="wp-block-cover__inner-container"><!-- wp:group {"layout":{"type":"constrained"}} -->
<div class="wp-block-group"></div>
<!-- /wp:group --></div></div>
<!-- /wp:cover -->
<!-- /wp:post-template --></main>
<!-- /wp:query --></div>
<!-- /wp:group -->]]></content:encoded>
  <excerpt:encoded><![CDATA[Displays the latest posts as either the site homepage or as the "Posts page" as defined under reading settings. If it exists, the Front Page template overrides this template when posts are shown on the homepage.]]></excerpt:encoded>
  <wp:post_id>19</wp:post_id>
  <wp:post_date>2024-10-16 22:58:07</wp:post_date>
  <wp:post_date_gmt>2024-10-16 21:58:07</wp:post_date_gmt>
  <wp:post_modified>2024-10-16 23:28:38</wp:post_modified>
  <wp:post_modified_gmt>2024-10-16 22:28:38</wp:post_modified_gmt>
  <wp:comment_status>closed</wp:comment_status>
  <wp:ping_status>closed</wp:ping_status>
  <wp:post_name>home</wp:post_name>
  <wp:status>publish</wp:status>
  <wp:post_parent>0</wp:post_parent>
  <wp:menu_order>0</wp:menu_order>
  <wp:post_type>wp_template</wp:post_type>
  <wp:post_password/>
  <wp:is_sticky>0</wp:is_sticky>
  <category domain="wp_theme" nicename="matrioska"><![CDATA[matrioska]]></category>
  <wp:postmeta>
    <wp:meta_key>origin</wp:meta_key>
    <wp:meta_value><![CDATA[theme]]></wp:meta_value>
  </wp:postmeta>
  <wp:postmeta>
    <wp:meta_key>_publicize_pending</wp:meta_key>
    <wp:meta_value><![CDATA[1]]></wp:meta_value>
  </wp:postmeta>
</item>
<item>
  <title><![CDATA[]]></title>
  <link>https://freefaucet1.wordpress.com/2024/10/16/20/</link>
  <pubDate>Wed, 16 Oct 2024 22:12:23 +0000</pubDate>
  <dc:creator>mohamedgacem70</dc:creator>
  <guid isPermaLink="false">https://freefaucet1.wordpress.com/2024/10/16/20/</guid>
  <description/>
  <content:encoded><![CDATA[<!-- wp:separator -->
<hr class="wp-block-separator has-alpha-channel-opacity" />
<!-- /wp:separator -->

<!-- wp:heading {"level":3} -->
<h3 class="wp-block-heading">The Best Cryptocurrencies to Earn from Faucets</h3>
<!-- /wp:heading -->

<!-- wp:paragraph -->
<p>Cryptocurrency faucets have become a popular way for users to earn small amounts of digital currencies by completing simple tasks. While there are numerous cryptocurrencies available, some stand out as more favorable options for faucet rewards. This article explores the best cryptocurrencies to earn from faucets and why they are worth considering.</p>
<!-- /wp:paragraph -->

<!-- wp:heading {"level":4} -->
<h4 class="wp-block-heading">1. <strong>Bitcoin (BTC)</strong></h4>
<!-- /wp:heading -->

<!-- wp:paragraph -->
<p>Bitcoin, the first and most well-known cryptocurrency, is often the primary option in many faucets. Earning Bitcoin through faucets is attractive due to its high value and widespread acceptance. While the amounts awarded per claim might be small, they can add up significantly over time as the price of Bitcoin fluctuates.</p>
<!-- /wp:paragraph -->

<!-- wp:paragraph -->
<p><strong>Why Choose Bitcoin?</strong></p>
<!-- /wp:paragraph -->

<!-- wp:list -->
<ul class="wp-block-list"><!-- wp:list-item -->
<li>High market value and liquidity.</li>
<!-- /wp:list-item -->

<!-- wp:list-item -->
<li>Well-established and trusted cryptocurrency.</li>
<!-- /wp:list-item -->

<!-- wp:list-item -->
<li>Used as a standard for other cryptocurrencies.</li>
<!-- /wp:list-item --></ul>
<!-- /wp:list -->

<!-- wp:heading {"level":4} -->
<h4 class="wp-block-heading">2. <strong>Ethereum (ETH)</strong></h4>
<!-- /wp:heading -->

<!-- wp:paragraph -->
<p>Ethereum is another leading cryptocurrency that is often offered by faucets. Known for its smart contract functionality, Ethereum has gained immense popularity among developers and investors alike. Earning ETH from faucets can be an excellent way to get started with this digital asset.</p>
<!-- /wp:paragraph -->

<!-- wp:paragraph -->
<p><strong>Why Choose Ethereum?</strong></p>
<!-- /wp:paragraph -->

<!-- wp:list -->
<ul class="wp-block-list"><!-- wp:list-item -->
<li>Strong technological foundation and use cases.</li>
<!-- /wp:list-item -->

<!-- wp:list-item -->
<li>Growing adoption in decentralized applications (dApps).</li>
<!-- /wp:list-item -->

<!-- wp:list-item -->
<li>Potential for significant value appreciation.</li>
<!-- /wp:list-item --></ul>
<!-- /wp:list -->

<!-- wp:heading {"level":4} -->
<h4 class="wp-block-heading">3. <strong>Litecoin (LTC)</strong></h4>
<!-- /wp:heading -->

<!-- wp:paragraph -->
<p>Litecoin is often referred to as the "silver to Bitcoin's gold." It offers faster transaction times and a different hashing algorithm. Many faucets provide Litecoin as a reward due to its low transaction fees and relative stability compared to newer cryptocurrencies.</p>
<!-- /wp:paragraph -->

<!-- wp:paragraph -->
<p><strong>Why Choose Litecoin?</strong></p>
<!-- /wp:paragraph -->

<!-- wp:list -->
<ul class="wp-block-list"><!-- wp:list-item -->
<li>Faster transaction confirmation times.</li>
<!-- /wp:list-item -->

<!-- wp:list-item -->
<li>Low fees for transactions.</li>
<!-- /wp:list-item -->

<!-- wp:list-item -->
<li>Strong community support.</li>
<!-- /wp:list-item --></ul>
<!-- /wp:list -->

<!-- wp:heading {"level":4} -->
<h4 class="wp-block-heading">4. <strong>Dogecoin (DOGE)</strong></h4>
<!-- /wp:heading -->

<!-- wp:paragraph -->
<p>Initially created as a meme, Dogecoin has garnered a large following and is now widely recognized in the crypto community. Many faucets offer DOGE as a reward due to its low value and high transaction speed, making it easy for users to accumulate.</p>
<!-- /wp:paragraph -->

<!-- wp:paragraph -->
<p><strong>Why Choose Dogecoin?</strong></p>
<!-- /wp:paragraph -->

<!-- wp:list -->
<ul class="wp-block-list"><!-- wp:list-item -->
<li>Strong community and active development.</li>
<!-- /wp:list-item -->

<!-- wp:list-item -->
<li>Popularity on social media and among influencers.</li>
<!-- /wp:list-item -->

<!-- wp:list-item -->
<li>Ideal for microtransactions and tipping.</li>
<!-- /wp:list-item --></ul>
<!-- /wp:list -->

<!-- wp:heading {"level":4} -->
<h4 class="wp-block-heading">5. <strong>Bitcoin Cash (BCH)</strong></h4>
<!-- /wp:heading -->

<!-- wp:paragraph -->
<p>Bitcoin Cash was created as a fork of Bitcoin to address scalability issues. It offers faster transaction times and lower fees, making it an attractive option for faucets. Users can earn BCH and benefit from its potential growth in the market.</p>
<!-- /wp:paragraph -->

<!-- wp:paragraph -->
<p><strong>Why Choose Bitcoin Cash?</strong></p>
<!-- /wp:paragraph -->

<!-- wp:list -->
<ul class="wp-block-list"><!-- wp:list-item -->
<li>Lower transaction fees compared to Bitcoin.</li>
<!-- /wp:list-item -->

<!-- wp:list-item -->
<li>Focus on real-world transactions.</li>
<!-- /wp:list-item -->

<!-- wp:list-item -->
<li>Strong backing and support from the community.</li>
<!-- /wp:list-item --></ul>
<!-- /wp:list -->

<!-- wp:heading {"level":4} -->
<h4 class="wp-block-heading">6. <strong>Ripple (XRP)</strong></h4>
<!-- /wp:heading -->

<!-- wp:paragraph -->
<p>Ripple is designed for cross-border payments and has partnerships with various financial institutions. While not as commonly found in faucets as other cryptocurrencies, some platforms offer XRP as a reward. Earning XRP can be beneficial given its use case and potential for growth.</p>
<!-- /wp:paragraph -->

<!-- wp:paragraph -->
<p><strong>Why Choose Ripple?</strong></p>
<!-- /wp:paragraph -->

<!-- wp:list -->
<ul class="wp-block-list"><!-- wp:list-item -->
<li>Strong focus on real-world utility in banking and finance.</li>
<!-- /wp:list-item -->

<!-- wp:list-item -->
<li>Fast transaction speeds.</li>
<!-- /wp:list-item -->

<!-- wp:list-item -->
<li>Potential for growth with institutional adoption.</li>
<!-- /wp:list-item --></ul>
<!-- /wp:list -->

<!-- wp:heading {"level":3} -->
<h3 class="wp-block-heading">Conclusion</h3>
<!-- /wp:heading -->

<!-- wp:paragraph -->
<p>While there are many cryptocurrencies available to earn through faucets, Bitcoin, Ethereum, Litecoin, Dogecoin, Bitcoin Cash, and Ripple stand out as some of the best options. Each of these cryptocurrencies offers unique advantages and the potential for growth, making them appealing choices for users looking to earn rewards through faucets. As always, users should conduct thorough research and be cautious of scams when engaging with faucet platforms.</p>
<!-- /wp:paragraph -->

<!-- wp:separator -->
<hr class="wp-block-separator has-alpha-channel-opacity" />
<!-- /wp:separator -->

<!-- wp:paragraph -->
<p>Feel free to modify or expand upon this article as needed! If you have specific requirements or sections you want to add, let me know!</p>
<!-- /wp:paragraph -->]]></content:encoded>
  <excerpt:encoded><![CDATA[]]></excerpt:encoded>
  <wp:post_id>20</wp:post_id>
  <wp:post_date>2024-10-16 23:12:23</wp:post_date>
  <wp:post_date_gmt>2024-10-16 22:12:23</wp:post_date_gmt>
  <wp:post_modified>2024-10-16 23:12:23</wp:post_modified>
  <wp:post_modified_gmt>2024-10-16 22:12:23</wp:post_modified_gmt>
  <wp:comment_status>open</wp:comment_status>
  <wp:ping_status>open</wp:ping_status>
  <wp:post_name>20</wp:post_name>
  <wp:status>publish</wp:status>
  <wp:post_parent>0</wp:post_parent>
  <wp:menu_order>0</wp:menu_order>
  <wp:post_type>post</wp:post_type>
  <wp:post_password/>
  <wp:is_sticky>0</wp:is_sticky>
  <category domain="category" nicename="%d8%ba%d9%8a%d8%b1-%d9%85%d8%b5%d9%86%d9%91%d9%81"><![CDATA[غير مصنّف]]></category>
  <wp:postmeta>
    <wp:meta_key>firehose_sent</wp:meta_key>
    <wp:meta_value><![CDATA[1729116768]]></wp:meta_value>
  </wp:postmeta>
  <wp:postmeta>
    <wp:meta_key>reader_suggested_tags</wp:meta_key>
    <wp:meta_value><![CDATA[["Cryptocurrency","Bitcoin","Crypto","Litecoin","Blockchain"]]]></wp:meta_value>
  </wp:postmeta>
  <wp:postmeta>
    <wp:meta_key>timeline_notification</wp:meta_key>
    <wp:meta_value><![CDATA[1729116769]]></wp:meta_value>
  </wp:postmeta>
  <wp:postmeta>
    <wp:meta_key>_rest_api_published</wp:meta_key>
    <wp:meta_value><![CDATA[1]]></wp:meta_value>
  </wp:postmeta>
  <wp:postmeta>
    <wp:meta_key>_rest_api_client_id</wp:meta_key>
    <wp:meta_value><![CDATA[2697]]></wp:meta_value>
  </wp:postmeta>
  <wp:postmeta>
    <wp:meta_key>_publicize_job_id</wp:meta_key>
    <wp:meta_value><![CDATA[98677238469]]></wp:meta_value>
  </wp:postmeta>
  <wp:postmeta>
    <wp:meta_key>_elasticsearch_data_sharing_indexed_on</wp:meta_key>
    <wp:meta_value><![CDATA[2024-10-16 22:12:51]]></wp:meta_value>
  </wp:postmeta>
</item>
<item>
  <title><![CDATA[### **Understanding Bull Markets: Definition and Importance****Introduction**In the world of investing, various trends influence financial markets. Among these trends, the term "bull market" stands out as a fundamental concept. A bull market refers to a period of optimism and prosperity in the financial markets, characterized by a continuous rise in asset prices.**What is a Bull Market?**A bull market is a term used to describe a prolonged period of positive activity in the financial market, where the prices of assets, such as stocks and commodities, consistently increase. A bull market is typically defined when the price of an asset rises by at least 20% from its recent low.**Characteristics of a Bull Market**1. **Continuous Price Increases**: During a bull market, prices consistently rise, leading to investor optimism.2. **Increased Confidence**: A sense of confidence grows among investors, encouraging more individuals to invest in the markets.3. **Higher Trading Volume**: An increase in trading volume is often observed, as more investors enter the market.4. **Positive Economic Indicators**: Bull markets are often associated with positive economic data, such as falling unemployment rates and increasing GDP.**Importance of Bull Markets**Bull markets are significant for several reasons:- **Profit Realization**: Investors can achieve substantial profits during these periods if they invest in stocks or other assets.- **Economic Stimulus**: Bull markets help boost the economy by increasing spending and confidence among consumers and businesses.- **Investment Opportunities**: Bull markets provide opportunities for new investors to enter the market and capitalize on positive trends.**How to Identify a Bull Market**It's essential for investors to recognize the signs of a bull market:- **Price Trends**: Monitor long-term price movements to identify upward trends.- **Economic Data Analysis**: Follow economic reports and financial data that support positive market trends.**Conclusion**A bull market is an important phenomenon in financial markets, reflecting a period of growth and prosperity. Investors can take .]]></title>
  <link>https://freefaucet1.wordpress.com/2024/10/16/understanding-bull-markets-definition-and-importanceintroductionin-the-world-of-investing-various-trends-influence-financial-markets-among-these-trends-the-term-bull-market-stands/</link>
  <pubDate>Wed, 16 Oct 2024 22:24:39 +0000</pubDate>
  <dc:creator>mohamedgacem70</dc:creator>
  <guid isPermaLink="false">https://freefaucet1.wordpress.com/2024/10/16/understanding-bull-markets-definition-and-importanceintroductionin-the-world-of-investing-various-trends-influence-financial-markets-among-these-trends-the-term-bull-market-stands/</guid>
  <description/>
  <content:encoded><![CDATA[<!-- wp:paragraph -->
<p></p>
<!-- /wp:paragraph -->]]></content:encoded>
  <excerpt:encoded><![CDATA[]]></excerpt:encoded>
  <wp:post_id>21</wp:post_id>
  <wp:post_date>2024-10-16 23:24:39</wp:post_date>
  <wp:post_date_gmt>2024-10-16 22:24:39</wp:post_date_gmt>
  <wp:post_modified>2024-10-16 23:34:49</wp:post_modified>
  <wp:post_modified_gmt>2024-10-16 22:34:49</wp:post_modified_gmt>
  <wp:comment_status>open</wp:comment_status>
  <wp:ping_status>open</wp:ping_status>
  <wp:post_name>understanding-bull-markets-definition-and-importanceintroductionin-the-world-of-investing-various-trends-influence-financial-markets-among-these-trends-the-term-bull-market-stands</wp:post_name>
  <wp:status>publish</wp:status>
  <wp:post_parent>0</wp:post_parent>
  <wp:menu_order>0</wp:menu_order>
  <wp:post_type>post</wp:post_type>
  <wp:post_password/>
  <wp:is_sticky>0</wp:is_sticky>
  <category domain="category" nicename="%d8%ba%d9%8a%d8%b1-%d9%85%d8%b5%d9%86%d9%91%d9%81"><![CDATA[غير مصنّف]]></category>
  <wp:postmeta>
    <wp:meta_key>_elasticsearch_data_sharing_indexed_on</wp:meta_key>
    <wp:meta_value><![CDATA[2024-10-16 22:24:52]]></wp:meta_value>
  </wp:postmeta>
  <wp:postmeta>
    <wp:meta_key>firehose_sent</wp:meta_key>
    <wp:meta_value><![CDATA[1729117490]]></wp:meta_value>
  </wp:postmeta>
  <wp:postmeta>
    <wp:meta_key>_rest_api_published</wp:meta_key>
    <wp:meta_value><![CDATA[1]]></wp:meta_value>
  </wp:postmeta>
  <wp:postmeta>
    <wp:meta_key>_rest_api_client_id</wp:meta_key>
    <wp:meta_value><![CDATA[2697]]></wp:meta_value>
  </wp:postmeta>
  <wp:postmeta>
    <wp:meta_key>_publicize_job_id</wp:meta_key>
    <wp:meta_value><![CDATA[98677437906]]></wp:meta_value>
  </wp:postmeta>
</item>
<item>
  <title><![CDATA[Custom Styles]]></title>
  <link>https://freefaucet1.wordpress.com/2024/10/16/wp-global-styles-pub%2fluce/</link>
  <pubDate>Wed, 16 Oct 2024 22:39:42 +0000</pubDate>
  <dc:creator>mohamedgacem70</dc:creator>
  <guid isPermaLink="false">https://freefaucet1.wordpress.com/2024/10/16/wp-global-styles-pub%2fluce/</guid>
  <description/>
  <content:encoded><![CDATA[{"version":3,"isGlobalStylesUserThemeJSON":true}]]></content:encoded>
  <excerpt:encoded><![CDATA[]]></excerpt:encoded>
  <wp:post_id>25</wp:post_id>
  <wp:post_date>2024-10-16 23:39:42</wp:post_date>
  <wp:post_date_gmt>2024-10-16 22:39:42</wp:post_date_gmt>
  <wp:post_modified>2024-10-16 23:39:42</wp:post_modified>
  <wp:post_modified_gmt>2024-10-16 22:39:42</wp:post_modified_gmt>
  <wp:comment_status>closed</wp:comment_status>
  <wp:ping_status>closed</wp:ping_status>
  <wp:post_name>wp-global-styles-pub%2fluce</wp:post_name>
  <wp:status>publish</wp:status>
  <wp:post_parent>0</wp:post_parent>
  <wp:menu_order>0</wp:menu_order>
  <wp:post_type>wp_global_styles</wp:post_type>
  <wp:post_password/>
  <wp:is_sticky>0</wp:is_sticky>
  <category domain="wp_theme" nicename="luce"><![CDATA[luce]]></category>
  <wp:postmeta>
    <wp:meta_key>_publicize_pending</wp:meta_key>
    <wp:meta_value><![CDATA[1]]></wp:meta_value>
  </wp:postmeta>
</item>
<item>
  <title><![CDATA[Custom Styles]]></title>
  <link>https://freefaucet1.wordpress.com/2024/10/16/wp-global-styles-pub%2fsunderland/</link>
  <pubDate>Wed, 16 Oct 2024 22:40:42 +0000</pubDate>
  <dc:creator>mohamedgacem70</dc:creator>
  <guid isPermaLink="false">https://freefaucet1.wordpress.com/2024/10/16/wp-global-styles-pub%2fsunderland/</guid>
  <description/>
  <content:encoded><![CDATA[{"version":3,"isGlobalStylesUserThemeJSON":true}]]></content:encoded>
  <excerpt:encoded><![CDATA[]]></excerpt:encoded>
  <wp:post_id>26</wp:post_id>
  <wp:post_date>2024-10-16 23:40:42</wp:post_date>
  <wp:post_date_gmt>2024-10-16 22:40:42</wp:post_date_gmt>
  <wp:post_modified>2024-10-16 23:40:42</wp:post_modified>
  <wp:post_modified_gmt>2024-10-16 22:40:42</wp:post_modified_gmt>
  <wp:comment_status>closed</wp:comment_status>
  <wp:ping_status>closed</wp:ping_status>
  <wp:post_name>wp-global-styles-pub%2fsunderland</wp:post_name>
  <wp:status>publish</wp:status>
  <wp:post_parent>0</wp:post_parent>
  <wp:menu_order>0</wp:menu_order>
  <wp:post_type>wp_global_styles</wp:post_type>
  <wp:post_password/>
  <wp:is_sticky>0</wp:is_sticky>
  <category domain="wp_theme" nicename="sunderland"><![CDATA[sunderland]]></category>
  <wp:postmeta>
    <wp:meta_key>_publicize_pending</wp:meta_key>
    <wp:meta_value><![CDATA[1]]></wp:meta_value>
  </wp:postmeta>
</item>
<item>
  <title><![CDATA[Custom Styles]]></title>
  <link>https://freefaucet1.wordpress.com/2024/10/16/wp-global-styles-pub%2fpodbase/</link>
  <pubDate>Wed, 16 Oct 2024 22:49:56 +0000</pubDate>
  <dc:creator>mohamedgacem70</dc:creator>
  <guid isPermaLink="false">https://freefaucet1.wordpress.com/2024/10/16/wp-global-styles-pub%2fpodbase/</guid>
  <description/>
  <content:encoded><![CDATA[{"version":3,"isGlobalStylesUserThemeJSON":true}]]></content:encoded>
  <excerpt:encoded><![CDATA[]]></excerpt:encoded>
  <wp:post_id>27</wp:post_id>
  <wp:post_date>2024-10-16 23:49:56</wp:post_date>
  <wp:post_date_gmt>2024-10-16 22:49:56</wp:post_date_gmt>
  <wp:post_modified>2024-10-16 23:49:58</wp:post_modified>
  <wp:post_modified_gmt>2024-10-16 22:49:58</wp:post_modified_gmt>
  <wp:comment_status>closed</wp:comment_status>
  <wp:ping_status>closed</wp:ping_status>
  <wp:post_name>wp-global-styles-pub%2fpodbase</wp:post_name>
  <wp:status>publish</wp:status>
  <wp:post_parent>0</wp:post_parent>
  <wp:menu_order>0</wp:menu_order>
  <wp:post_type>wp_global_styles</wp:post_type>
  <wp:post_password/>
  <wp:is_sticky>0</wp:is_sticky>
  <category domain="wp_theme" nicename="podbase"><![CDATA[podbase]]></category>
  <wp:postmeta>
    <wp:meta_key>_publicize_pending</wp:meta_key>
    <wp:meta_value><![CDATA[1]]></wp:meta_value>
  </wp:postmeta>
</item>
<item>
  <title><![CDATA[Custom Styles]]></title>
  <link>https://freefaucet1.wordpress.com/2024/10/17/wp-global-styles-pub%2fportia/</link>
  <pubDate>Thu, 17 Oct 2024 07:39:46 +0000</pubDate>
  <dc:creator>mohamedgacem70</dc:creator>
  <guid isPermaLink="false">https://freefaucet1.wordpress.com/2024/10/17/wp-global-styles-pub%2fportia/</guid>
  <description/>
  <content:encoded><![CDATA[{"version":3,"isGlobalStylesUserThemeJSON":true}]]></content:encoded>
  <excerpt:encoded><![CDATA[]]></excerpt:encoded>
  <wp:post_id>29</wp:post_id>
  <wp:post_date>2024-10-17 08:39:46</wp:post_date>
  <wp:post_date_gmt>2024-10-17 07:39:46</wp:post_date_gmt>
  <wp:post_modified>2024-10-17 08:39:46</wp:post_modified>
  <wp:post_modified_gmt>2024-10-17 07:39:46</wp:post_modified_gmt>
  <wp:comment_status>closed</wp:comment_status>
  <wp:ping_status>closed</wp:ping_status>
  <wp:post_name>wp-global-styles-pub%2fportia</wp:post_name>
  <wp:status>publish</wp:status>
  <wp:post_parent>0</wp:post_parent>
  <wp:menu_order>0</wp:menu_order>
  <wp:post_type>wp_global_styles</wp:post_type>
  <wp:post_password/>
  <wp:is_sticky>0</wp:is_sticky>
  <category domain="wp_theme" nicename="portia"><![CDATA[portia]]></category>
  <wp:postmeta>
    <wp:meta_key>_publicize_pending</wp:meta_key>
    <wp:meta_value><![CDATA[1]]></wp:meta_value>
  </wp:postmeta>
</item>
<item>
  <title><![CDATA[7a2631eb-9570-4464-9838-941c2f282fe81968902981015981964]]></title>
  <link>https://freefaucet1.wordpress.com/2024/10/17/31/7a2631eb-9570-4464-9838-941c2f282fe81968902981015981964/</link>
  <pubDate>Thu, 17 Oct 2024 07:43:12 +0000</pubDate>
  <dc:creator>mohamedgacem70</dc:creator>
  <guid isPermaLink="false">http://freefaucet1.files.wordpress.com/2024/10/7a2631eb-9570-4464-9838-941c2f282fe81968902981015981964.jpg</guid>
  <description/>
  <content:encoded><![CDATA[]]></content:encoded>
  <excerpt:encoded><![CDATA[]]></excerpt:encoded>
  <wp:post_id>30</wp:post_id>
  <wp:post_date>2024-10-17 08:43:12</wp:post_date>
  <wp:post_date_gmt>2024-10-17 07:43:12</wp:post_date_gmt>
  <wp:post_modified>2024-10-17 08:43:31</wp:post_modified>
  <wp:post_modified_gmt>2024-10-17 07:43:31</wp:post_modified_gmt>
  <wp:comment_status>open</wp:comment_status>
  <wp:ping_status>closed</wp:ping_status>
  <wp:post_name>7a2631eb-9570-4464-9838-941c2f282fe81968902981015981964</wp:post_name>
  <wp:status>inherit</wp:status>
  <wp:post_parent>31</wp:post_parent>
  <wp:menu_order>0</wp:menu_order>
  <wp:post_type>attachment</wp:post_type>
  <wp:post_password/>
  <wp:is_sticky>0</wp:is_sticky>
  <wp:attachment_url>https://freefaucet1.wordpress.com/wp-content/uploads/2024/10/7a2631eb-9570-4464-9838-941c2f282fe81968902981015981964.jpg</wp:attachment_url>
  <wp:postmeta>
    <wp:meta_key>_wp_attached_file</wp:meta_key>
    <wp:meta_value><![CDATA[/home/wpcom/public_html/wp-content/blogs.dir/27e/238092366/files/2024/10/7a2631eb-9570-4464-9838-941c2f282fe81968902981015981964.jpg]]></wp:meta_value>
  </wp:postmeta>
  <wp:postmeta>
    <wp:meta_key>_wp_attachment_metadata</wp:meta_key>
    <wp:meta_value><![CDATA[a:6:{s:5:"width";i:1024;s:6:"height";i:1024;s:4:"file";s:132:"/home/wpcom/public_html/wp-content/blogs.dir/27e/238092366/files/2024/10/7a2631eb-9570-4464-9838-941c2f282fe81968902981015981964.jpg";s:8:"filesize";i:229729;s:5:"sizes";a:0:{}s:10:"image_meta";a:12:{s:8:"aperture";s:1:"0";s:6:"credit";s:0:"";s:6:"camera";s:0:"";s:7:"caption";s:0:"";s:17:"created_timestamp";s:1:"0";s:9:"copyright";s:0:"";s:12:"focal_length";s:1:"0";s:3:"iso";s:1:"0";s:13:"shutter_speed";s:1:"0";s:5:"title";s:0:"";s:11:"orientation";s:1:"1";s:8:"keywords";a:0:{}}}]]></wp:meta_value>
  </wp:postmeta>
</item>
<item>
  <title><![CDATA[]]></title>
  <link>https://freefaucet1.wordpress.com/2024/10/17/31/</link>
  <pubDate>Thu, 17 Oct 2024 07:43:12 +0000</pubDate>
  <dc:creator>mohamedgacem70</dc:creator>
  <guid isPermaLink="false">https://freefaucet1.wordpress.com/2024/10/17/31/</guid>
  <description/>
  <content:encoded><![CDATA[<!-- wp:separator -->
<hr class="wp-block-separator has-alpha-channel-opacity" />
<!-- /wp:separator -->

<!-- wp:paragraph -->
<p><strong>The Benefits of Cryptocurrency Faucets</strong></p>
<!-- /wp:paragraph -->

<!-- wp:paragraph -->
<p>Cryptocurrency faucets have grown in popularity since their inception as a way to distribute small amounts of digital currencies to users for free. These faucets often serve multiple purposes, both for users and the broader crypto ecosystem.</p>
<!-- /wp:paragraph -->

<!-- wp:heading {"level":3} -->
<h3 class="wp-block-heading">1. <strong>Introduction to Cryptocurrency</strong></h3>
<!-- /wp:heading -->

<!-- wp:paragraph -->
<p>For newcomers, faucets provide a risk-free introduction to digital assets. Users can familiarize themselves with how transactions work, manage a digital wallet, and learn about different coins without the need to invest money upfront. This lowers the barrier to entry, making it accessible to anyone curious about crypto.</p>
<!-- /wp:paragraph -->

<!-- wp:heading {"level":3} -->
<h3 class="wp-block-heading">2. <strong>Wider Adoption</strong></h3>
<!-- /wp:heading -->

<!-- wp:paragraph -->
<p>Faucets contribute significantly to the wider adoption of cryptocurrencies. By distributing small amounts of currency to thousands of users, they encourage participation in the ecosystem. Over time, many of these users may grow into active participants who trade, invest, or use cryptocurrencies in daily transactions.</p>
<!-- /wp:paragraph -->

<!-- wp:heading {"level":3} -->
<h3 class="wp-block-heading">3. <strong>Promoting New Projects</strong></h3>
<!-- /wp:heading -->

<!-- wp:paragraph -->
<p>Cryptocurrency startups often use faucets to promote new projects. By giving away tokens, they generate interest and visibility for their blockchain technology or services. This can help projects build a community and gain initial traction. Free tokens incentivize users to explore new coins and potentially invest if they believe in the project’s long-term value.</p>
<!-- /wp:paragraph -->

<!-- wp:heading {"level":3} -->
<h3 class="wp-block-heading">4. <strong>Traffic Generation</strong></h3>
<!-- /wp:heading -->

<!-- wp:paragraph -->
<p>Faucets are also a valuable marketing tool for websites and platforms. By offering small rewards, sites can attract significant traffic. Visitors often engage with ads or other monetization strategies employed by the faucet’s owners, which can turn a simple faucet into a revenue stream. Some websites also offer other services such as crypto education, games, or news, turning faucet users into loyal site visitors.</p>
<!-- /wp:paragraph -->

<!-- wp:heading {"level":3} -->
<h3 class="wp-block-heading">5. <strong>Educational Value</strong></h3>
<!-- /wp:heading -->

<!-- wp:paragraph -->
<p>As users engage with faucets, they learn more about blockchain technology, decentralized finance, and the evolving crypto landscape. Faucets may introduce users to different tokens or blockchains, deepening their understanding of the vast crypto ecosystem. Some faucets also include educational components, like tutorials or quizzes, further enhancing their value as a learning tool.</p>
<!-- /wp:paragraph -->

<!-- wp:heading {"level":3} -->
<h3 class="wp-block-heading">6. <strong>Microtransactions and User Growth</strong></h3>
<!-- /wp:heading -->

<!-- wp:paragraph -->
<p>Faucets introduce users to the concept of microtransactions, demonstrating how small crypto payments can be transferred quickly and efficiently. This helps promote the use of cryptocurrencies in real-world scenarios, where traditional payment systems often struggle with small transaction fees or delays.</p>
<!-- /wp:paragraph -->

<!-- wp:separator -->
<hr class="wp-block-separator has-alpha-channel-opacity" />
<!-- /wp:separator -->

<!-- wp:paragraph -->
<p>In conclusion, cryptocurrency faucets play a vital role in educating new users, promoting adoption, and supporting crypto projects. Though individual rewards from faucets are small, their impact on the broader ecosystem is significant.</p>
<!-- /wp:paragraph -->

<!-- wp:separator -->
<hr class="wp-block-separator has-alpha-channel-opacity" />
<!-- /wp:separator -->

<!-- wp:image {"id":30,"sizeSlug":"large"} -->
<figure class="wp-block-image size-large"><img src="https://freefaucet1.wordpress.com/wp-content/uploads/2024/10/7a2631eb-9570-4464-9838-941c2f282fe81968902981015981964.jpg?w=1024" alt="" class="wp-image-30" /></figure>
<!-- /wp:image -->

<!-- wp:gallery {"linkTo":"none"} -->
<figure class="wp-block-gallery has-nested-images columns-default is-cropped"></figure>
<!-- /wp:gallery -->]]></content:encoded>
  <excerpt:encoded><![CDATA[]]></excerpt:encoded>
  <wp:post_id>31</wp:post_id>
  <wp:post_date>2024-10-17 08:43:12</wp:post_date>
  <wp:post_date_gmt>2024-10-17 07:43:12</wp:post_date_gmt>
  <wp:post_modified>2024-10-17 09:20:27</wp:post_modified>
  <wp:post_modified_gmt>2024-10-17 08:20:27</wp:post_modified_gmt>
  <wp:comment_status>open</wp:comment_status>
  <wp:ping_status>open</wp:ping_status>
  <wp:post_name>31</wp:post_name>
  <wp:status>publish</wp:status>
  <wp:post_parent>0</wp:post_parent>
  <wp:menu_order>0</wp:menu_order>
  <wp:post_type>post</wp:post_type>
  <wp:post_password/>
  <wp:is_sticky>0</wp:is_sticky>
  <category domain="post_tag" nicename="dailyprompt"><![CDATA[dailyprompt]]></category>
  <category domain="category" nicename="%d8%ba%d9%8a%d8%b1-%d9%85%d8%b5%d9%86%d9%91%d9%81"><![CDATA[غير مصنّف]]></category>
  <wp:postmeta>
    <wp:meta_key>_elasticsearch_data_sharing_indexed_on</wp:meta_key>
    <wp:meta_value><![CDATA[2024-10-17 07:43:31]]></wp:meta_value>
  </wp:postmeta>
  <wp:postmeta>
    <wp:meta_key>firehose_sent</wp:meta_key>
    <wp:meta_value><![CDATA[1729151008]]></wp:meta_value>
  </wp:postmeta>
  <wp:postmeta>
    <wp:meta_key>timeline_notification</wp:meta_key>
    <wp:meta_value><![CDATA[1729151009]]></wp:meta_value>
  </wp:postmeta>
  <wp:postmeta>
    <wp:meta_key>reader_suggested_tags</wp:meta_key>
    <wp:meta_value><![CDATA[["Crypto","Bitcoin","Cryptocurrency","Blockchain","Finance"]]]></wp:meta_value>
  </wp:postmeta>
  <wp:postmeta>
    <wp:meta_key>_rest_api_published</wp:meta_key>
    <wp:meta_value><![CDATA[1]]></wp:meta_value>
  </wp:postmeta>
  <wp:postmeta>
    <wp:meta_key>_rest_api_client_id</wp:meta_key>
    <wp:meta_value><![CDATA[2697]]></wp:meta_value>
  </wp:postmeta>
  <wp:postmeta>
    <wp:meta_key>_publicize_job_id</wp:meta_key>
    <wp:meta_value><![CDATA[98686402076]]></wp:meta_value>
  </wp:postmeta>
</item>
<item>
  <title><![CDATA[Custom Styles]]></title>
  <link>https://freefaucet1.wordpress.com/2024/10/17/wp-global-styles-pub%2fimpressionist/</link>
  <pubDate>Thu, 17 Oct 2024 07:45:44 +0000</pubDate>
  <dc:creator>mohamedgacem70</dc:creator>
  <guid isPermaLink="false">https://freefaucet1.wordpress.com/2024/10/17/wp-global-styles-pub%2fimpressionist/</guid>
  <description/>
  <content:encoded><![CDATA[{"version":3,"isGlobalStylesUserThemeJSON":true}]]></content:encoded>
  <excerpt:encoded><![CDATA[]]></excerpt:encoded>
  <wp:post_id>32</wp:post_id>
  <wp:post_date>2024-10-17 08:45:44</wp:post_date>
  <wp:post_date_gmt>2024-10-17 07:45:44</wp:post_date_gmt>
  <wp:post_modified>2024-10-17 08:45:44</wp:post_modified>
  <wp:post_modified_gmt>2024-10-17 07:45:44</wp:post_modified_gmt>
  <wp:comment_status>closed</wp:comment_status>
  <wp:ping_status>closed</wp:ping_status>
  <wp:post_name>wp-global-styles-pub%2fimpressionist</wp:post_name>
  <wp:status>publish</wp:status>
  <wp:post_parent>0</wp:post_parent>
  <wp:menu_order>0</wp:menu_order>
  <wp:post_type>wp_global_styles</wp:post_type>
  <wp:post_password/>
  <wp:is_sticky>0</wp:is_sticky>
  <category domain="wp_theme" nicename="impressionist"><![CDATA[impressionist]]></category>
  <wp:postmeta>
    <wp:meta_key>_publicize_pending</wp:meta_key>
    <wp:meta_value><![CDATA[1]]></wp:meta_value>
  </wp:postmeta>
</item>
<item>
  <title><![CDATA[Custom Styles]]></title>
  <link>https://freefaucet1.wordpress.com/2024/10/17/wp-global-styles-pub%2frainfall/</link>
  <pubDate>Thu, 17 Oct 2024 07:48:56 +0000</pubDate>
  <dc:creator>mohamedgacem70</dc:creator>
  <guid isPermaLink="false">https://freefaucet1.wordpress.com/2024/10/17/wp-global-styles-pub%2frainfall/</guid>
  <description/>
  <content:encoded><![CDATA[{"version":3,"isGlobalStylesUserThemeJSON":true}]]></content:encoded>
  <excerpt:encoded><![CDATA[]]></excerpt:encoded>
  <wp:post_id>33</wp:post_id>
  <wp:post_date>2024-10-17 08:48:56</wp:post_date>
  <wp:post_date_gmt>2024-10-17 07:48:56</wp:post_date_gmt>
  <wp:post_modified>2024-10-17 08:48:56</wp:post_modified>
  <wp:post_modified_gmt>2024-10-17 07:48:56</wp:post_modified_gmt>
  <wp:comment_status>closed</wp:comment_status>
  <wp:ping_status>closed</wp:ping_status>
  <wp:post_name>wp-global-styles-pub%2frainfall</wp:post_name>
  <wp:status>publish</wp:status>
  <wp:post_parent>0</wp:post_parent>
  <wp:menu_order>0</wp:menu_order>
  <wp:post_type>wp_global_styles</wp:post_type>
  <wp:post_password/>
  <wp:is_sticky>0</wp:is_sticky>
  <category domain="wp_theme" nicename="rainfall"><![CDATA[rainfall]]></category>
  <wp:postmeta>
    <wp:meta_key>_publicize_pending</wp:meta_key>
    <wp:meta_value><![CDATA[1]]></wp:meta_value>
  </wp:postmeta>
</item>
<item>
  <title><![CDATA[Custom Styles]]></title>
  <link>https://freefaucet1.wordpress.com/2024/10/17/wp-global-styles-pub%2ftomoni/</link>
  <pubDate>Thu, 17 Oct 2024 08:16:55 +0000</pubDate>
  <dc:creator>mohamedgacem70</dc:creator>
  <guid isPermaLink="false">https://freefaucet1.wordpress.com/2024/10/17/wp-global-styles-pub%2ftomoni/</guid>
  <description/>
  <content:encoded><![CDATA[{"version":3,"isGlobalStylesUserThemeJSON":true}]]></content:encoded>
  <excerpt:encoded><![CDATA[]]></excerpt:encoded>
  <wp:post_id>37</wp:post_id>
  <wp:post_date>2024-10-17 09:16:55</wp:post_date>
  <wp:post_date_gmt>2024-10-17 08:16:55</wp:post_date_gmt>
  <wp:post_modified>2024-10-17 09:16:55</wp:post_modified>
  <wp:post_modified_gmt>2024-10-17 08:16:55</wp:post_modified_gmt>
  <wp:comment_status>closed</wp:comment_status>
  <wp:ping_status>closed</wp:ping_status>
  <wp:post_name>wp-global-styles-pub%2ftomoni</wp:post_name>
  <wp:status>publish</wp:status>
  <wp:post_parent>0</wp:post_parent>
  <wp:menu_order>0</wp:menu_order>
  <wp:post_type>wp_global_styles</wp:post_type>
  <wp:post_password/>
  <wp:is_sticky>0</wp:is_sticky>
  <category domain="wp_theme" nicename="tomoni"><![CDATA[tomoni]]></category>
  <wp:postmeta>
    <wp:meta_key>_publicize_pending</wp:meta_key>
    <wp:meta_value><![CDATA[1]]></wp:meta_value>
  </wp:postmeta>
</item>
<item>
  <title><![CDATA[Custom Styles]]></title>
  <link>https://freefaucet1.wordpress.com/2024/10/17/wp-global-styles-pub%2fron/</link>
  <pubDate>Thu, 17 Oct 2024 08:18:09 +0000</pubDate>
  <dc:creator>mohamedgacem70</dc:creator>
  <guid isPermaLink="false">https://freefaucet1.wordpress.com/2024/10/17/wp-global-styles-pub%2fron/</guid>
  <description/>
  <content:encoded><![CDATA[{"version":3,"isGlobalStylesUserThemeJSON":true}]]></content:encoded>
  <excerpt:encoded><![CDATA[]]></excerpt:encoded>
  <wp:post_id>38</wp:post_id>
  <wp:post_date>2024-10-17 09:18:09</wp:post_date>
  <wp:post_date_gmt>2024-10-17 08:18:09</wp:post_date_gmt>
  <wp:post_modified>2024-10-17 09:18:09</wp:post_modified>
  <wp:post_modified_gmt>2024-10-17 08:18:09</wp:post_modified_gmt>
  <wp:comment_status>closed</wp:comment_status>
  <wp:ping_status>closed</wp:ping_status>
  <wp:post_name>wp-global-styles-pub%2fron</wp:post_name>
  <wp:status>publish</wp:status>
  <wp:post_parent>0</wp:post_parent>
  <wp:menu_order>0</wp:menu_order>
  <wp:post_type>wp_global_styles</wp:post_type>
  <wp:post_password/>
  <wp:is_sticky>0</wp:is_sticky>
  <category domain="wp_theme" nicename="ron"><![CDATA[ron]]></category>
  <wp:postmeta>
    <wp:meta_key>_publicize_pending</wp:meta_key>
    <wp:meta_value><![CDATA[1]]></wp:meta_value>
  </wp:postmeta>
</item>
<item>
  <title><![CDATA[7a2631eb-9570-4464-9838-941c2f282fe81019112900921671834]]></title>
  <link>https://freefaucet1.wordpress.com/2024/10/17/cryptocurrency-mining-and-faucets-understanding-the-basics/7a2631eb-9570-4464-9838-941c2f282fe81019112900921671834/</link>
  <pubDate>Thu, 17 Oct 2024 12:14:29 +0000</pubDate>
  <dc:creator>mohamedgacem70</dc:creator>
  <guid isPermaLink="false">http://freefaucet1.files.wordpress.com/2024/10/7a2631eb-9570-4464-9838-941c2f282fe81019112900921671834.jpg</guid>
  <description/>
  <content:encoded><![CDATA[]]></content:encoded>
  <excerpt:encoded><![CDATA[]]></excerpt:encoded>
  <wp:post_id>40</wp:post_id>
  <wp:post_date>2024-10-17 13:14:29</wp:post_date>
  <wp:post_date_gmt>2024-10-17 12:14:29</wp:post_date_gmt>
  <wp:post_modified>2024-10-17 13:14:39</wp:post_modified>
  <wp:post_modified_gmt>2024-10-17 12:14:39</wp:post_modified_gmt>
  <wp:comment_status>open</wp:comment_status>
  <wp:ping_status>closed</wp:ping_status>
  <wp:post_name>7a2631eb-9570-4464-9838-941c2f282fe81019112900921671834</wp:post_name>
  <wp:status>inherit</wp:status>
  <wp:post_parent>41</wp:post_parent>
  <wp:menu_order>0</wp:menu_order>
  <wp:post_type>attachment</wp:post_type>
  <wp:post_password/>
  <wp:is_sticky>0</wp:is_sticky>
  <wp:attachment_url>https://freefaucet1.wordpress.com/wp-content/uploads/2024/10/7a2631eb-9570-4464-9838-941c2f282fe81019112900921671834.jpg</wp:attachment_url>
  <wp:postmeta>
    <wp:meta_key>_wp_attached_file</wp:meta_key>
    <wp:meta_value><![CDATA[/home/wpcom/public_html/wp-content/blogs.dir/27e/238092366/files/2024/10/7a2631eb-9570-4464-9838-941c2f282fe81019112900921671834.jpg]]></wp:meta_value>
  </wp:postmeta>
  <wp:postmeta>
    <wp:meta_key>_wp_attachment_metadata</wp:meta_key>
    <wp:meta_value><![CDATA[a:6:{s:5:"width";i:1024;s:6:"height";i:1024;s:4:"file";s:132:"/home/wpcom/public_html/wp-content/blogs.dir/27e/238092366/files/2024/10/7a2631eb-9570-4464-9838-941c2f282fe81019112900921671834.jpg";s:8:"filesize";i:229729;s:5:"sizes";a:0:{}s:10:"image_meta";a:12:{s:8:"aperture";s:1:"0";s:6:"credit";s:0:"";s:6:"camera";s:0:"";s:7:"caption";s:0:"";s:17:"created_timestamp";s:1:"0";s:9:"copyright";s:0:"";s:12:"focal_length";s:1:"0";s:3:"iso";s:1:"0";s:13:"shutter_speed";s:1:"0";s:5:"title";s:0:"";s:11:"orientation";s:1:"1";s:8:"keywords";a:0:{}}}]]></wp:meta_value>
  </wp:postmeta>
</item>
<item>
  <title><![CDATA[Cryptocurrency Mining and Faucets: Understanding the Basics]]></title>
  <link>https://freefaucet1.wordpress.com/2024/10/17/cryptocurrency-mining-and-faucets-understanding-the-basics/</link>
  <pubDate>Thu, 17 Oct 2024 12:14:29 +0000</pubDate>
  <dc:creator>mohamedgacem70</dc:creator>
  <guid isPermaLink="false">https://freefaucet1.wordpress.com/2024/10/17/cryptocurrency-mining-and-faucets-understanding-the-basics/</guid>
  <description/>
  <content:encoded><![CDATA[<!-- wp:paragraph -->
<p><strong>Introduction</strong><br />Cryptocurrency has revolutionized the way we think about money, offering decentralized and secure alternatives to traditional financial systems. Two key concepts in the cryptocurrency world that often come up are <strong>mining</strong> and <strong>faucets</strong>. Both are essential parts of the ecosystem, but they serve very different purposes. This article will explore the differences between mining and faucets, how they work, and their roles in the broader crypto landscape.</p>
<!-- /wp:paragraph -->

<!-- wp:image {"id":40,"sizeSlug":"large"} -->
<figure class="wp-block-image size-large"><img src="https://freefaucet1.wordpress.com/wp-content/uploads/2024/10/7a2631eb-9570-4464-9838-941c2f282fe81019112900921671834.jpg?w=1024" alt="" class="wp-image-40" /></figure>
<!-- /wp:image -->

<!-- wp:paragraph -->
<p><strong>What is Cryptocurrency Mining?</strong><br />Cryptocurrency mining refers to the process of validating transactions and adding them to a blockchain ledger. In return for this validation, miners are rewarded with new coins. This process is essential for maintaining the security and decentralized nature of most cryptocurrencies.</p>
<!-- /wp:paragraph -->

<!-- wp:paragraph -->
<p><strong>How Does Mining Work?</strong><br />Mining involves using computational power to solve complex mathematical problems. Miners compete to solve these problems, and the first one to do so gets to add a block of transactions to the blockchain and is rewarded with newly minted cryptocurrency, such as Bitcoin or Ethereum. The mining process requires powerful hardware, specialized mining software, and a significant amount of electricity.</p>
<!-- /wp:paragraph -->

<!-- wp:paragraph -->
<p><strong>Key Aspects of Mining:</strong></p>
<!-- /wp:paragraph -->

<!-- wp:list {"ordered":true} -->
<ol class="wp-block-list"><!-- wp:list-item -->
<li><strong>Proof of Work (PoW)</strong>: Most cryptocurrencies, including Bitcoin, use a consensus mechanism called Proof of Work, where miners validate transactions by solving mathematical puzzles.</li>
<!-- /wp:list-item -->

<!-- wp:list-item -->
<li><strong>Mining Pools</strong>: Many individual miners join forces in mining pools, sharing their computational resources to increase their chances of earning rewards.</li>
<!-- /wp:list-item -->

<!-- wp:list-item -->
<li><strong>Energy Consumption</strong>: Mining can be energy-intensive, making it a costly operation in terms of electricity and hardware maintenance.</li>
<!-- /wp:list-item -->

<!-- wp:list-item -->
<li><strong>Reward System</strong>: Miners receive a block reward plus transaction fees. As more coins are mined, the difficulty of mining increases, and rewards gradually decrease over time.</li>
<!-- /wp:list-item --></ol>
<!-- /wp:list -->

<!-- wp:paragraph -->
<p><strong>What Are Cryptocurrency Faucets?</strong><br />In contrast to mining, cryptocurrency faucets offer a simpler way for people to earn small amounts of cryptocurrency without the need for expensive hardware or significant energy costs. Faucets are websites or apps that give users small rewards in the form of cryptocurrency for completing simple tasks like solving captchas, watching ads, or answering quizzes.</p>
<!-- /wp:paragraph -->

<!-- wp:paragraph -->
<p><strong>How Do Faucets Work?</strong><br />Faucets typically operate by distributing small fractions of cryptocurrency (called "satoshis" in the case of Bitcoin) to users in exchange for their engagement with the site. While the rewards from faucets are much smaller than mining, they serve an important role in introducing new users to cryptocurrency and providing a low-risk way to start accumulating coins.</p>
<!-- /wp:paragraph -->

<!-- wp:paragraph -->
<p><strong>Key Aspects of Faucets:</strong></p>
<!-- /wp:paragraph -->

<!-- wp:list {"ordered":true} -->
<ol class="wp-block-list"><!-- wp:list-item -->
<li><strong>Micro Rewards</strong>: Faucets usually distribute tiny amounts of cryptocurrency, but over time, users can accumulate a more substantial amount.</li>
<!-- /wp:list-item -->

<!-- wp:list-item -->
<li><strong>Accessibility</strong>: Unlike mining, which requires technical knowledge and investment, faucets are accessible to anyone with an internet connection and a crypto wallet.</li>
<!-- /wp:list-item -->

<!-- wp:list-item -->
<li><strong>User Engagement</strong>: Faucets often require users to complete tasks such as clicking ads or solving puzzles, making them a way to earn cryptocurrency while engaging with the platform.</li>
<!-- /wp:list-item -->

<!-- wp:list-item -->
<li><strong>Promotional Tools</strong>: Faucets are often used by crypto projects or websites to promote their tokens or services, giving users free tokens to create awareness.</li>
<!-- /wp:list-item --></ol>
<!-- /wp:list -->

<!-- wp:paragraph -->
<p><strong>Mining vs. Faucets:</strong></p>
<!-- /wp:paragraph -->

<!-- wp:list -->
<ul class="wp-block-list"><!-- wp:list-item -->
<li><strong>Cost</strong>: Mining requires a significant upfront investment in hardware and energy, while faucets are free to use.</li>
<!-- /wp:list-item -->

<!-- wp:list-item -->
<li><strong>Rewards</strong>: Mining offers higher potential rewards, but faucets allow users to earn cryptocurrency without technical expertise.</li>
<!-- /wp:list-item -->

<!-- wp:list-item -->
<li><strong>Purpose</strong>: Mining secures the blockchain network and validates transactions, whereas faucets are primarily promotional tools that distribute small amounts of crypto to attract new users.</li>
<!-- /wp:list-item --></ul>
<!-- /wp:list -->

<!-- wp:paragraph -->
<p><strong>Conclusion</strong><br />Both mining and faucets play vital roles in the cryptocurrency ecosystem, but they cater to different types of users. Mining is essential for the security and decentralization of the blockchain, requiring significant resources and technical expertise. On the other hand, faucets offer a low-barrier entry point for newcomers to start earning and understanding cryptocurrency. Whether you’re interested in mining or just want to earn some free crypto through faucets, both methods provide unique opportunities to participate in the world of digital currencies.</p>
<!-- /wp:paragraph -->

<!-- wp:paragraph -->
<p></p>
<!-- /wp:paragraph -->]]></content:encoded>
  <excerpt:encoded><![CDATA[]]></excerpt:encoded>
  <wp:post_id>41</wp:post_id>
  <wp:post_date>2024-10-17 13:14:29</wp:post_date>
  <wp:post_date_gmt>2024-10-17 12:14:29</wp:post_date_gmt>
  <wp:post_modified>2024-10-17 13:14:29</wp:post_modified>
  <wp:post_modified_gmt>2024-10-17 12:14:29</wp:post_modified_gmt>
  <wp:comment_status>open</wp:comment_status>
  <wp:ping_status>open</wp:ping_status>
  <wp:post_name>cryptocurrency-mining-and-faucets-understanding-the-basics</wp:post_name>
  <wp:status>publish</wp:status>
  <wp:post_parent>0</wp:post_parent>
  <wp:menu_order>0</wp:menu_order>
  <wp:post_type>post</wp:post_type>
  <wp:post_password/>
  <wp:is_sticky>0</wp:is_sticky>
  <category domain="category" nicename="%d8%ba%d9%8a%d8%b1-%d9%85%d8%b5%d9%86%d9%91%d9%81"><![CDATA[غير مصنّف]]></category>
  <wp:postmeta>
    <wp:meta_key>firehose_sent</wp:meta_key>
    <wp:meta_value><![CDATA[1729167276]]></wp:meta_value>
  </wp:postmeta>
  <wp:postmeta>
    <wp:meta_key>reader_suggested_tags</wp:meta_key>
    <wp:meta_value><![CDATA[["Bitcoin","Crypto","Cryptocurrency","Blockchain","Finance"]]]></wp:meta_value>
  </wp:postmeta>
  <wp:postmeta>
    <wp:meta_key>timeline_notification</wp:meta_key>
    <wp:meta_value><![CDATA[1729167277]]></wp:meta_value>
  </wp:postmeta>
  <wp:postmeta>
    <wp:meta_key>_rest_api_published</wp:meta_key>
    <wp:meta_value><![CDATA[1]]></wp:meta_value>
  </wp:postmeta>
  <wp:postmeta>
    <wp:meta_key>_rest_api_client_id</wp:meta_key>
    <wp:meta_value><![CDATA[2697]]></wp:meta_value>
  </wp:postmeta>
  <wp:postmeta>
    <wp:meta_key>_publicize_job_id</wp:meta_key>
    <wp:meta_value><![CDATA[98691739815]]></wp:meta_value>
  </wp:postmeta>
  <wp:postmeta>
    <wp:meta_key>_elasticsearch_data_sharing_indexed_on</wp:meta_key>
    <wp:meta_value><![CDATA[2024-10-17 12:14:39]]></wp:meta_value>
  </wp:postmeta>
</item>
<item>
  <title><![CDATA[]]></title>
  <link>https://freefaucet1.wordpress.com/?p=42</link>
  <pubDate>Thu, 17 Oct 2024 14:13:11 +0000</pubDate>
  <dc:creator>mohamedgacem70</dc:creator>
  <guid isPermaLink="false">https://freefaucet1.wordpress.com/?p=42</guid>
  <description/>
  <content:encoded><![CDATA[<!-- wp:pullquote -->
<figure class="wp-block-pullquote"><blockquote><p>هل تظن أنك في الأيام التي تشعر فيها بالكسل مرتاح أم غير مفيد؟</p></blockquote></figure>
<!-- /wp:pullquote -->

<!-- wp:paragraph -->
<p></p>
<!-- /wp:paragraph -->]]></content:encoded>
  <excerpt:encoded><![CDATA[]]></excerpt:encoded>
  <wp:post_id>42</wp:post_id>
  <wp:post_date>2024-10-17 15:13:11</wp:post_date>
  <wp:post_date_gmt>2024-10-17 14:13:11</wp:post_date_gmt>
  <wp:post_modified>2024-10-17 15:13:11</wp:post_modified>
  <wp:post_modified_gmt>2024-10-17 14:13:11</wp:post_modified_gmt>
  <wp:comment_status>open</wp:comment_status>
  <wp:ping_status>open</wp:ping_status>
  <wp:post_name/>
  <wp:status>draft</wp:status>
  <wp:post_parent>0</wp:post_parent>
  <wp:menu_order>0</wp:menu_order>
  <wp:post_type>post</wp:post_type>
  <wp:post_password/>
  <wp:is_sticky>0</wp:is_sticky>
  <category domain="post_tag" nicename="dailyprompt"><![CDATA[dailyprompt]]></category>
  <category domain="post_tag" nicename="dailyprompt-2094"><![CDATA[dailyprompt-2094]]></category>
  <category domain="category" nicename="%d8%ba%d9%8a%d8%b1-%d9%85%d8%b5%d9%86%d9%91%d9%81"><![CDATA[غير مصنّف]]></category>
  <wp:postmeta>
    <wp:meta_key>_jetpack_blogging_prompt_key</wp:meta_key>
    <wp:meta_value><![CDATA[2094]]></wp:meta_value>
  </wp:postmeta>
</item>
  </channel>
</rss>
